DAGS,MED
13.8.2010,20595.00
16.8.2010,20576.00
17.8.2010,20605.00
18.8.2010,20609.00
19.8.2010,20598.00
20.8.2010,20543.00
23.8.2010,20526.00
24.8.2010,20514.00
25.8.2010,20531.00
26.8.2010,20517.00
27.8.2010,20576.00
30.8.2010,20587.00
31.8.2010,20598.00
1.9.2010,20609.00
2.9.2010,20619.00
3.9.2010,20417.00
6.9.2010,20296.00
7.9.2010,20251.00
8.9.2010,20219.00
9.9.2010,20224.00
10.9.2010,20229.00
13.9.2010,20275.00
14.9.2010,20292.00
15.9.2010,20362.00
16.9.2010,20438.00
17.9.2010,20551.00
20.9.2010,20556.00
21.9.2010,20597.00
22.9.2010,20677.00
23.9.2010,20673.00
24.9.2010,20701.00
27.9.2010,20664.00
28.9.2010,20688.00
29.9.2010,20745.00
30.9.2010,20781.00
1.10.2010,20757.00
4.10.2010,20709.00
5.10.2010,20733.00
6.10.2010,20692.00
7.10.2010,20724.00
8.10.2010,20754.00
11.10.2010,20705.00
12.10.2010,20759.00
13.10.2010,20814.00
14.10.2010,20824.00
15.10.2010,20882.00
18.10.2010,20849.00
19.10.2010,20865.00
20.10.2010,20886.00
21.10.2010,20973.00
22.10.2010,20957.00
25.10.2010,20973.00
26.10.2010,20911.00
27.10.2010,20877.00
28.10.2010,20829.00
29.10.2010,20804.00
1.11.2010,20809.00
2.11.2010,20739.00
3.11.2010,20748.00
4.11.2010,20780.00
5.11.2010,20762.00
8.11.2010,20678.00
9.11.2010,20669.00
10.11.2010,20585.00
11.11.2010,20587.00
12.11.2010,20584.00
15.11.2010,20569.00
16.11.2010,20570.00
17.11.2010,20549.00
18.11.2010,20592.00
19.11.2010,20629.00
22.11.2010,20650.00
23.11.2010,20602.00
24.11.2010,20500.00
25.11.2010,20507.00
26.11.2010,20541.00
29.11.2010,20565.00
30.11.2010,20511.00
1.12.2010,20469.00
2.12.2010,20498.00
3.12.2010,20476.00
6.12.2010,20404.00
7.12.2010,20409.00
8.12.2010,20359.00
9.12.2010,20383.00
10.12.2010,20409.00
13.12.2010,20477.00
14.12.2010,20603.00
15.12.2010,20730.00
16.12.2010,20677.00
17.12.2010,20717.00
20.12.2010,20632.00
21.12.2010,20627.00
22.12.2010,20610.00
23.12.2010,20590.00
27.12.2010,20546.00
28.12.2010,20586.00
29.12.2010,20545.00
30.12.2010,20596.00
31.12.2010,20635.00
3.1.2011,20643.00
4.1.2011,20638.00
5.1.2011,20610.00
6.1.2011,20550.00
7.1.2011,20501.00
10.1.2011,20483.00
11.1.2011,20569.00
12.1.2011,20693.00
13.1.2011,20722.00
14.1.2011,20875.00
17.1.2011,20841.00
18.1.2011,21049.00
19.1.2011,21168.00
20.1.2011,21236.00
21.1.2011,21253.00
24.1.2011,21361.00
25.1.2011,21350.00
26.1.2011,21348.00
27.1.2011,21356.00
28.1.2011,21303.00
31.1.2011,21275.00
1.2.2011,21303.00
2.2.2011,21305.00
3.2.2011,21278.00
4.2.2011,21209.00
7.2.2011,21145.00
8.2.2011,21181.00
9.2.2011,21269.00
10.2.2011,21315.00
11.2.2011,21305.00
14.2.2011,21261.00
15.2.2011,21329.00
16.2.2011,21327.00
17.2.2011,21364.00
18.2.2011,21360.00
21.2.2011,21422.00
22.2.2011,21488.00
23.2.2011,21510.00
24.2.2011,21500.00
25.2.2011,21493.00
28.2.2011,21509.00
1.3.2011,21502.00
2.3.2011,21473.00
3.3.2011,21504.00
4.3.2011,21582.00
7.3.2011,21605.00
8.3.2011,21652.00
9.3.2011,21640.00
10.3.2011,21623.00
11.3.2011,21601.00
14.3.2011,21639.00
15.3.2011,21619.00
16.3.2011,21628.00
17.3.2011,21643.00
18.3.2011,21672.00
21.3.2011,21694.00
22.3.2011,21707.00
23.3.2011,21702.00
24.3.2011,21673.00
25.3.2011,21704.00
28.3.2011,21682.00
29.3.2011,21722.00
30.3.2011,21704.00
31.3.2011,21735.00
1.4.2011,21731.00
4.4.2011,21745.00
5.4.2011,21729.00
6.4.2011,21736.00
7.4.2011,21726.00
8.4.2011,21759.00
11.4.2011,21799.00
12.4.2011,21850.00
13.4.2011,21918.00
14.4.2011,21871.00
15.4.2011,21901.00
18.4.2011,21841.00
19.4.2011,21776.00
20.4.2011,21981.00
26.4.2011,22045.00
27.4.2011,22079.00
28.4.2011,22074.00
29.4.2011,22100.00
2.5.2011,22088.00
3.5.2011,22101.00
4.5.2011,22188.00
5.5.2011,22155.00
6.5.2011,22016.00
9.5.2011,21980.00
10.5.2011,21941.00
11.5.2011,21934.00
12.5.2011,21917.00
13.5.2011,21990.00
16.5.2011,21889.00
17.5.2011,21965.00
18.5.2011,21994.00
19.5.2011,22041.00
20.5.2011,22042.00
23.5.2011,21990.00
24.5.2011,22050.00
25.5.2011,22032.00
26.5.2011,22063.00
27.5.2011,22087.00
30.5.2011,22114.00
31.5.2011,22188.00
1.6.2011,22144.00
3.6.2011,22224.00
6.6.2011,22280.00
7.6.2011,22305.00
8.6.2011,22304.00
9.6.2011,22296.00
10.6.2011,22233.00
14.6.2011,22227.00
15.6.2011,22244.00
16.6.2011,22103.00
20.6.2011,22119.00
21.6.2011,22147.00
22.6.2011,22142.00
23.6.2011,22144.00
24.6.2011,22155.00
27.6.2011,22163.00
28.6.2011,22192.00
29.6.2011,22217.00
30.6.2011,22218.00
1.7.2011,22226.00
4.7.2011,22227.00
5.7.2011,22218.00
6.7.2011,22168.00
7.7.2011,22232.00
8.7.2011,22235.00
11.7.2011,22143.00
12.7.2011,22082.00
13.7.2011,22123.00
14.7.2011,22253.00
15.7.2011,22279.00
18.7.2011,22236.00
19.7.2011,22283.00
20.7.2011,22277.00
21.7.2011,22175.00
22.7.2011,22264.00
25.7.2011,22248.00
26.7.2011,22263.00
27.7.2011,22252.00
28.7.2011,22209.00
29.7.2011,22171.00
2.8.2011,22114.00
3.8.2011,22132.00
4.8.2011,22114.00
5.8.2011,22081.00
8.8.2011,22104.00
9.8.2011,22076.00
10.8.2011,22093.00
11.8.2011,22021.00
12.8.2011,21994.00
15.8.2011,22018.00
16.8.2011,22020.00
17.8.2011,21992.00
18.8.2011,21965.00
19.8.2011,21962.00
22.8.2011,21982.00
23.8.2011,21987.00
24.8.2011,21993.00
25.8.2011,22066.00
26.8.2011,22065.00
29.8.2011,22067.00
30.8.2011,22048.00
31.8.2011,21969.00
1.9.2011,21890.00
2.9.2011,21885.00
5.9.2011,21873.00
6.9.2011,21922.00
7.9.2011,21854.00
8.9.2011,21774.00
9.9.2011,21642.00
12.9.2011,21502.00
13.9.2011,21516.00
14.9.2011,21552.00
15.9.2011,21546.00
16.9.2011,21498.00
19.9.2011,21428.00
20.9.2011,21452.00
21.9.2011,21444.00
22.9.2011,21424.00
23.9.2011,21384.00
26.9.2011,21406.00
27.9.2011,21478.00
28.9.2011,21545.00
29.9.2011,21488.00
30.9.2011,21428.00
3.10.2011,21286.00
4.10.2011,21182.00
5.10.2011,21285.00
6.10.2011,21315.00
7.10.2011,21275.00
10.10.2011,21273.00
11.10.2011,21317.00
12.10.2011,21374.00
13.10.2011,21349.00
14.10.2011,21438.00
17.10.2011,21435.00
18.10.2011,21341.00
19.10.2011,21403.00
20.10.2011,21439.00
21.10.2011,21399.00
24.10.2011,21361.00
25.10.2011,21396.00
26.10.2011,21359.00
27.10.2011,21366.00
28.10.2011,21459.00
31.10.2011,21408.00
1.11.2011,21272.00
2.11.2011,21299.00
3.11.2011,21267.00
4.11.2011,21279.00
7.11.2011,21209.00
8.11.2011,21225.00
9.11.2011,21286.00
10.11.2011,21282.00
11.11.2011,21343.00
14.11.2011,21348.00
15.11.2011,21351.00
16.11.2011,21309.00
17.11.2011,21346.00
18.11.2011,21370.00
21.11.2011,21406.00
22.11.2011,21454.00
23.11.2011,21439.00
24.11.2011,21440.00
25.11.2011,21475.00
28.11.2011,21485.00
29.11.2011,21492.00
30.11.2011,21458.00
1.12.2011,21486.00
2.12.2011,21490.00
5.12.2011,21459.00
6.12.2011,21440.00
7.12.2011,21414.00
8.12.2011,21403.00
9.12.2011,21379.00
12.12.2011,21356.00
13.12.2011,21342.00
14.12.2011,21308.00
15.12.2011,21410.00
16.12.2011,21421.00
19.12.2011,21461.00
20.12.2011,21526.00
21.12.2011,21548.00
22.12.2011,21536.00
23.12.2011,21537.00
27.12.2011,21520.00
28.12.2011,21520.00
29.12.2011,21404.00
30.12.2011,21367.00
2.1.2012,21356.00
3.1.2012,21386.00
4.1.2012,21380.00
5.1.2012,21286.00
6.1.2012,21280.00
9.1.2012,21265.00
10.1.2012,21292.00
11.1.2012,21318.00
12.1.2012,21368.00
13.1.2012,21404.00
16.1.2012,21396.00
17.1.2012,21447.00
18.1.2012,21468.00
19.1.2012,21522.00
20.1.2012,21555.00
23.1.2012,21580.00
24.1.2012,21619.00
25.1.2012,21646.00
26.1.2012,21718.00
27.1.2012,21759.00
30.1.2012,21767.00
31.1.2012,21796.00
1.2.2012,21756.00
2.2.2012,21763.00
3.2.2012,21762.00
6.2.2012,21739.00
7.2.2012,21752.00
8.2.2012,21789.00
9.2.2012,21801.00
10.2.2012,21797.00
13.2.2012,21794.00
14.2.2012,21769.00
15.2.2012,21778.00
16.2.2012,21726.00
17.2.2012,21835.00
20.2.2012,21867.00
21.2.2012,21998.00
22.2.2012,22051.00
23.2.2012,22234.00
24.2.2012,22319.00
27.2.2012,22482.00
28.2.2012,22532.00
29.2.2012,22522.00
1.3.2012,22461.00
2.3.2012,22420.00
5.3.2012,22415.00
6.3.2012,22284.00
7.3.2012,22187.00
8.3.2012,22259.00
9.3.2012,22286.00
12.3.2012,22291.00
13.3.2012,22386.00
14.3.2012,22382.00
15.3.2012,22392.00
16.3.2012,22377.00
19.3.2012,22396.00
20.3.2012,22378.00
21.3.2012,22412.00
22.3.2012,22396.00
23.3.2012,22465.00
26.3.2012,22548.00
27.3.2012,22713.00
28.3.2012,22737.00
29.3.2012,22698.00
30.3.2012,22681.00
2.4.2012,22671.00
3.4.2012,22662.00
4.4.2012,22537.00
10.4.2012,22553.00
11.4.2012,22487.00
12.4.2012,22462.00
13.4.2012,22470.00
16.4.2012,22396.00
17.4.2012,22418.00
18.4.2012,22381.00
20.4.2012,22411.00
23.4.2012,22368.00
24.4.2012,22378.00
25.4.2012,22386.00
26.4.2012,22368.00
27.4.2012,22363.00
30.4.2012,22363.00
2.5.2012,22201.00
3.5.2012,22063.00
4.5.2012,21895.00
7.5.2012,21873.00
8.5.2012,21853.00
9.5.2012,21836.00
10.5.2012,21871.00
11.5.2012,21883.00
14.5.2012,21918.00
15.5.2012,21898.00
16.5.2012,21862.00
18.5.2012,21863.00
21.5.2012,21839.00
22.5.2012,21835.00
23.5.2012,21806.00
24.5.2012,21834.00
25.5.2012,21877.00
29.5.2012,21878.00
30.5.2012,21839.00
31.5.2012,21818.00
1.6.2012,21714.00
4.6.2012,21724.00
5.6.2012,21720.00
6.6.2012,21728.00
7.6.2012,21753.00
8.6.2012,21746.00
11.6.2012,21809.00
12.6.2012,21790.00
13.6.2012,21809.00
14.6.2012,21668.00
15.6.2012,21500.00
18.6.2012,21287.00
19.6.2012,21258.00
20.6.2012,21289.00
21.6.2012,21302.00
22.6.2012,21272.00
25.6.2012,21252.00
26.6.2012,21247.00
27.6.2012,21233.00
28.6.2012,21214.00
29.6.2012,21287.00
2.7.2012,21256.00
3.7.2012,21259.00
4.7.2012,21315.00
5.7.2012,21372.00
6.7.2012,21273.00
9.7.2012,21229.00
10.7.2012,21199.00
11.7.2012,21180.00
12.7.2012,21136.00
13.7.2012,21168.00
16.7.2012,21138.00
17.7.2012,20949.00
18.7.2012,20746.00
19.7.2012,20753.00
20.7.2012,20523.00
23.7.2012,20297.00
24.7.2012,20272.00
25.7.2012,20290.00
26.7.2012,20327.00
27.7.2012,20212.00
30.7.2012,20065.00
31.7.2012,19973.00
1.8.2012,19931.00
2.8.2012,19919.00
3.8.2012,19871.00
7.8.2012,19890.00
8.8.2012,19843.00
9.8.2012,19791.00
10.8.2012,19755.00
13.8.2012,19788.00
14.8.2012,19842.00
15.8.2012,19796.00
16.8.2012,19801.00
17.8.2012,19849.00
20.8.2012,19830.00
21.8.2012,19897.00
22.8.2012,19902.00
23.8.2012,20022.00
24.8.2012,20258.00
27.8.2012,20341.00
28.8.2012,20426.00
29.8.2012,20523.00
30.8.2012,20584.00
31.8.2012,20599.00
3.9.2012,20648.00
4.9.2012,20707.00
5.9.2012,20719.00
6.9.2012,20853.00
7.9.2012,20948.00
10.9.2012,20978.00
11.9.2012,20998.00
12.9.2012,21064.00
13.9.2012,21118.00
14.9.2012,21240.00
17.9.2012,21343.00
18.9.2012,21384.00
19.9.2012,21426.00
20.9.2012,21478.00
21.9.2012,21501.00
24.9.2012,21479.00
25.9.2012,21485.00
26.9.2012,21489.00
27.9.2012,21499.00
28.9.2012,21459.00
1.10.2012,21410.00
2.10.2012,21423.00
3.10.2012,21313.00
4.10.2012,21312.00
5.10.2012,21308.00
8.10.2012,21219.00
9.10.2012,21205.00
10.10.2012,21222.00
11.10.2012,21264.00
12.10.2012,21349.00
15.10.2012,21369.00
16.10.2012,21430.00
17.10.2012,21523.00
18.10.2012,21568.00
19.10.2012,21698.00
22.10.2012,21769.00
23.10.2012,21847.00
24.10.2012,21899.00
25.10.2012,22073.00
26.10.2012,22070.00
29.10.2012,22044.00
30.10.2012,22112.00
31.10.2012,22145.00
1.11.2012,21889.00
2.11.2012,21849.00
5.11.2012,21827.00
6.11.2012,21837.00
7.11.2012,21891.00
8.11.2012,21894.00
9.11.2012,21947.00
12.11.2012,21962.00
13.11.2012,21975.00
14.11.2012,22039.00
15.11.2012,22112.00
16.11.2012,21979.00
19.11.2012,21734.00
20.11.2012,21747.00
21.11.2012,21784.00
22.11.2012,21810.00
23.11.2012,21816.00
26.11.2012,21851.00
27.11.2012,21877.00
28.11.2012,21851.00
29.11.2012,21904.00
30.11.2012,21906.00
3.12.2012,21930.00
4.12.2012,21907.00
5.12.2012,21923.00
6.12.2012,21926.00
7.12.2012,21906.00
10.12.2012,21943.00
11.12.2012,22001.00
12.12.2012,22179.00
13.12.2012,22207.00
14.12.2012,22189.00
17.12.2012,22276.00
18.12.2012,22292.00
19.12.2012,22310.00
20.12.2012,22266.00
21.12.2012,22384.00
27.12.2012,22632.00
28.12.2012,22776.00
31.12.2012,22760.00
2.1.2013,22654.00
3.1.2013,22599.00
4.1.2013,22624.00
7.1.2013,22627.00
8.1.2013,22645.00
9.1.2013,22657.00
10.1.2013,22720.00
11.1.2013,22858.00
14.1.2013,22937.00
15.1.2013,22975.00
16.1.2013,22976.00
17.1.2013,23041.00
18.1.2013,23046.00
21.1.2013,22925.00
22.1.2013,22924.00
23.1.2013,23015.00
24.1.2013,23064.00
25.1.2013,23151.00
28.1.2013,23166.00
29.1.2013,23229.00
30.1.2013,23345.00
31.1.2013,23030.00
1.2.2013,23114.00
4.2.2013,23001.00
5.2.2013,23010.00
6.2.2013,23039.00
7.2.2013,23062.00
8.2.2013,22988.00
11.2.2013,23110.00
12.2.2013,23055.00
13.2.2013,23092.00
14.2.2013,23035.00
15.2.2013,23079.00
18.2.2013,23153.00
19.2.2013,23124.00
20.2.2013,23102.00
21.2.2013,22960.00
22.2.2013,22508.00
25.2.2013,22467.00
26.2.2013,22287.00
27.2.2013,22180.00
28.2.2013,22122.00
1.3.2013,21741.00
4.3.2013,21756.00
5.3.2013,21782.00
6.3.2013,21849.00
7.3.2013,21906.00
8.3.2013,22112.00
11.3.2013,22076.00
12.3.2013,22087.00
13.3.2013,22090.00
14.3.2013,22022.00
15.3.2013,21872.00
18.3.2013,21822.00
19.3.2013,21817.00
20.3.2013,21842.00
21.3.2013,21722.00
22.3.2013,21512.00
25.3.2013,21507.00
26.3.2013,21439.00
27.3.2013,21391.00
2.4.2013,21262.00
3.4.2013,21273.00
4.4.2013,21232.00
5.4.2013,20965.00
8.4.2013,20785.00
9.4.2013,20813.00
10.4.2013,20827.00
11.4.2013,20866.00
12.4.2013,20825.00
15.4.2013,20774.00
16.4.2013,20687.00
17.4.2013,20716.00
18.4.2013,20670.00
19.4.2013,20484.00
22.4.2013,20484.00
23.4.2013,20453.00
24.4.2013,20460.00
26.4.2013,20450.00
29.4.2013,20549.00
30.4.2013,20507.00
2.5.2013,20469.00
3.5.2013,20437.00
6.5.2013,20407.00
7.5.2013,20477.00
8.5.2013,20596.00
10.5.2013,20749.00
13.5.2013,20957.00
14.5.2013,21321.00
15.5.2013,21296.00
16.5.2013,21254.00
17.5.2013,21283.00
21.5.2013,21276.00
22.5.2013,21316.00
23.5.2013,21374.00
24.5.2013,21487.00
27.5.2013,21505.00
28.5.2013,21537.00
29.5.2013,21386.00
30.5.2013,21401.00
31.5.2013,21392.00
3.6.2013,21369.00
4.6.2013,21437.00
5.6.2013,21433.00
6.6.2013,21383.00
7.6.2013,21412.00
10.6.2013,21433.00
11.6.2013,21463.00
12.6.2013,21504.00
13.6.2013,21517.00
14.6.2013,21507.00
18.6.2013,21507.00
19.6.2013,21509.00
20.6.2013,21729.00
21.6.2013,21679.00
24.6.2013,21682.00
25.6.2013,21725.00
26.6.2013,21638.00
27.6.2013,21615.00
28.6.2013,21599.00
1.7.2013,21603.00
2.7.2013,21648.00
3.7.2013,21684.00
4.7.2013,21711.00
5.7.2013,21679.00
8.7.2013,21731.00
9.7.2013,21826.00
10.7.2013,21723.00
11.7.2013,21721.00
12.7.2013,21521.00
15.7.2013,21486.00
16.7.2013,21406.00
17.7.2013,21307.00
18.7.2013,21313.00
19.7.2013,21340.00
22.7.2013,21334.00
23.7.2013,21332.00
24.7.2013,21393.00
25.7.2013,21457.00
26.7.2013,21409.00
29.7.2013,21374.00
30.7.2013,21207.00
31.7.2013,21206.00
1.8.2013,21154.00
2.8.2013,21152.00
6.8.2013,21149.00
7.8.2013,21148.00
8.8.2013,21179.00
9.8.2013,21175.00
12.8.2013,21178.00
13.8.2013,21251.00
14.8.2013,21412.00
15.8.2013,21464.00
16.8.2013,21436.00
19.8.2013,21485.00
20.8.2013,21523.00
21.8.2013,21566.00
22.8.2013,21557.00
23.8.2013,21528.00
26.8.2013,21543.00
27.8.2013,21532.00
28.8.2013,21502.00
29.8.2013,21396.00
30.8.2013,21271.00
2.9.2013,21263.00
3.9.2013,21321.00
4.9.2013,21390.00
5.9.2013,21461.00
6.9.2013,21459.00
9.9.2013,21486.00
10.9.2013,21536.00
11.9.2013,21594.00
12.9.2013,21620.00
13.9.2013,21722.00
16.9.2013,21735.00
17.9.2013,21762.00
18.9.2013,21682.00
19.9.2013,21693.00
20.9.2013,21708.00
23.9.2013,21750.00
24.9.2013,21870.00
25.9.2013,22016.00
26.9.2013,21999.00
27.9.2013,21942.00
30.9.2013,21908.00
1.10.2013,21867.00
2.10.2013,21967.00
3.10.2013,22045.00
4.10.2013,22002.00
7.10.2013,22018.00
8.10.2013,22047.00
9.10.2013,22108.00
10.10.2013,22143.00
11.10.2013,22182.00
14.10.2013,22153.00
15.10.2013,21959.00
16.10.2013,21954.00
17.10.2013,21962.00
18.10.2013,22011.00
21.10.2013,22038.00
22.10.2013,22124.00
23.10.2013,22199.00
24.10.2013,22212.00
25.10.2013,22188.00
28.10.2013,22214.00
29.10.2013,22210.00
30.10.2013,22191.00
31.10.2013,22047.00
1.11.2013,21958.00
4.11.2013,22016.00
5.11.2013,22024.00
6.11.2013,22021.00
7.11.2013,22033.00
8.11.2013,22014.00
11.11.2013,21981.00
12.11.2013,22075.00
13.11.2013,22123.00
14.11.2013,22133.00
15.11.2013,21958.00
18.11.2013,21927.00
19.11.2013,21980.00
20.11.2013,22001.00
21.11.2013,21993.00
22.11.2013,22043.00
25.11.2013,22068.00
26.11.2013,22019.00
27.11.2013,22027.00
28.11.2013,21850.00
29.11.2013,21816.00
2.12.2013,21772.00
3.12.2013,21762.00
4.12.2013,21753.00
5.12.2013,21773.00
6.12.2013,21705.00
9.12.2013,21707.00
10.12.2013,21662.00
11.12.2013,21676.00
12.12.2013,21597.00
13.12.2013,21599.00
16.12.2013,21558.00
17.12.2013,21533.00
18.12.2013,21456.00
19.12.2013,21420.00
20.12.2013,21353.00
23.12.2013,21355.00
27.12.2013,21358.00
30.12.2013,21302.00
31.12.2013,21248.00
2.1.2014,21232.00
3.1.2014,21160.00
6.1.2014,21202.00
7.1.2014,21238.00
8.1.2014,21269.00
9.1.2014,21356.00
10.1.2014,21326.00
13.1.2014,21402.00
14.1.2014,21153.00
15.1.2014,21116.00
16.1.2014,21108.00
17.1.2014,21099.00
20.1.2014,21095.00
21.1.2014,21040.00
22.1.2014,21045.00
23.1.2014,21068.00
24.1.2014,21045.00
27.1.2014,21044.00
28.1.2014,21002.00
29.1.2014,21068.00
30.1.2014,21046.00
31.1.2014,21027.00
3.2.2014,20966.00
4.2.2014,20959.00
5.2.2014,20968.00
6.2.2014,20978.00
7.2.2014,20968.00
10.2.2014,20986.00
11.2.2014,20958.00
12.2.2014,20899.00
13.2.2014,20815.00
14.2.2014,20816.00
17.2.2014,20810.00
18.2.2014,20837.00
19.2.2014,20843.00
20.2.2014,20859.00
21.2.2014,20865.00
24.2.2014,20869.00
25.2.2014,20889.00
26.2.2014,20853.00
27.2.2014,20811.00
28.2.2014,20799.00
3.3.2014,20759.00
4.3.2014,20785.00
5.3.2014,20749.00
6.3.2014,20752.00
7.3.2014,20811.00
10.3.2014,20834.00
11.3.2014,20876.00
12.3.2014,20959.00
13.3.2014,20975.00
14.3.2014,20948.00
17.3.2014,20943.00
18.3.2014,21041.00
19.3.2014,21089.00
20.3.2014,21036.00
21.3.2014,21031.00
24.3.2014,20979.00
25.3.2014,21039.00
26.3.2014,20971.00
27.3.2014,20829.00
28.3.2014,20789.00
31.3.2014,20816.00
1.4.2014,20834.00
2.4.2014,20797.00
3.4.2014,20805.00
4.4.2014,20792.00
7.4.2014,20799.00
8.4.2014,20753.00
9.4.2014,20757.00
10.4.2014,20798.00
11.4.2014,20774.00
14.4.2014,20770.00
15.4.2014,20764.00
16.4.2014,20745.00
22.4.2014,20749.00
23.4.2014,20758.00
25.4.2014,20821.00
28.4.2014,20833.00
29.4.2014,20804.00
30.4.2014,20803.00
2.5.2014,20779.00
5.5.2014,20782.00
6.5.2014,20865.00
7.5.2014,20868.00
8.5.2014,20871.00
9.5.2014,20872.00
12.5.2014,20866.00
13.5.2014,20845.00
14.5.2014,20818.00
15.5.2014,20689.00
16.5.2014,20664.00
19.5.2014,20685.00
20.5.2014,20678.00
21.5.2014,20675.00
22.5.2014,20656.00
23.5.2014,20635.00
26.5.2014,20695.00
27.5.2014,20686.00
28.5.2014,20620.00
30.5.2014,20602.00
2.6.2014,20673.00
3.6.2014,20667.00
4.6.2014,20677.00
5.6.2014,20672.00
6.6.2014,20666.00
10.6.2014,20687.00
11.6.2014,20740.00
12.6.2014,20743.00
13.6.2014,20749.00
16.6.2014,20730.00
18.6.2014,20751.00
19.6.2014,20797.00
20.6.2014,20765.00
23.6.2014,20758.00
24.6.2014,20794.00
25.6.2014,20771.00
26.6.2014,20703.00
27.6.2014,20688.00
30.6.2014,20662.00
1.7.2014,20680.00
2.7.2014,20680.00
3.7.2014,20676.00
4.7.2014,20673.00
7.7.2014,20655.00
8.7.2014,20797.00
9.7.2014,20825.00
10.7.2014,20824.00
11.7.2014,20783.00
14.7.2014,20828.00
15.7.2014,20824.00
16.7.2014,20774.00
17.7.2014,20763.00
18.7.2014,20773.00
21.7.2014,20777.00
22.7.2014,20786.00
23.7.2014,20803.00
24.7.2014,20830.00
25.7.2014,20761.00
28.7.2014,20756.00
29.7.2014,20703.00
30.7.2014,20689.00
31.7.2014,20679.00
1.8.2014,20707.00
5.8.2014,20663.00
6.8.2014,20659.00
7.8.2014,20705.00
8.8.2014,20755.00
11.8.2014,20788.00
12.8.2014,20776.00
13.8.2014,20781.00
14.8.2014,20800.00
15.8.2014,20755.00
18.8.2014,20763.00
19.8.2014,20754.00
20.8.2014,20726.00
21.8.2014,20717.00
22.8.2014,20669.00
25.8.2014,20649.00
26.8.2014,20640.00
27.8.2014,20667.00
28.8.2014,20660.00
29.8.2014,20634.00
1.9.2014,20637.00
2.9.2014,20670.00
3.9.2014,20671.00
4.9.2014,20681.00
5.9.2014,20624.00
8.9.2014,20606.00
9.9.2014,20610.00
10.9.2014,20606.00
11.9.2014,20696.00
12.9.2014,20698.00
15.9.2014,20642.00
16.9.2014,20637.00
17.9.2014,20639.00
18.9.2014,20676.00
19.9.2014,20661.00
22.9.2014,20687.00
23.9.2014,20693.00
24.9.2014,20661.00
25.9.2014,20540.00
26.9.2014,20542.00
29.9.2014,20531.00
30.9.2014,20515.00
1.10.2014,20494.00
2.10.2014,20517.00
3.10.2014,20522.00
6.10.2014,20444.00
7.10.2014,20460.00
8.10.2014,20455.00
9.10.2014,20516.00
10.10.2014,20543.00
13.10.2014,20614.00
14.10.2014,20563.00
15.10.2014,20532.00
16.10.2014,20613.00
17.10.2014,20592.00
20.10.2014,20591.00
21.10.2014,20589.00
22.10.2014,20559.00
23.10.2014,20577.00
24.10.2014,20580.00
27.10.2014,20616.00
28.10.2014,20661.00
29.10.2014,20687.00
30.10.2014,20616.00
31.10.2014,20570.00
3.11.2014,20569.00
4.11.2014,20607.00
5.11.2014,20624.00
6.11.2014,20742.00
7.11.2014,20696.00
10.11.2014,20731.00
11.11.2014,20749.00
12.11.2014,20748.00
13.11.2014,20770.00
14.11.2014,20821.00
17.11.2014,20797.00
18.11.2014,20764.00
19.11.2014,20769.00
20.11.2014,20724.00
21.11.2014,20644.00
24.11.2014,20707.00
25.11.2014,20744.00
26.11.2014,20706.00
27.11.2014,20713.00
28.11.2014,20708.00
1.12.2014,20697.00
2.12.2014,20676.00
3.12.2014,20627.00
4.12.2014,20630.00
5.12.2014,20603.00
8.12.2014,20635.00
9.12.2014,20649.00
10.12.2014,20647.00
11.12.2014,20672.00
12.12.2014,20694.00
15.12.2014,20701.00
16.12.2014,20716.00
17.12.2014,20842.00
18.12.2014,20843.00
19.12.2014,20861.00
22.12.2014,20843.00
23.12.2014,20797.00
29.12.2014,20796.00
30.12.2014,20762.00
31.12.2014,20721.00
2.1.2015,20726.00
5.1.2015,20703.00
6.1.2015,20709.00
7.1.2015,20727.00
8.1.2015,20679.00
9.1.2015,20676.00
12.1.2015,20684.00
13.1.2015,20683.00
14.1.2015,20628.00
15.1.2015,20619.00
16.1.2015,20584.00
19.1.2015,20566.00
20.1.2015,20569.00
21.1.2015,20543.00
22.1.2015,20570.00
23.1.2015,20368.00
26.1.2015,20353.00
27.1.2015,20325.00
28.1.2015,20284.00
29.1.2015,20277.00
30.1.2015,20254.00
2.2.2015,20247.00
3.2.2015,20220.00
4.2.2015,20203.00
5.2.2015,20173.00
6.2.2015,20172.00
9.2.2015,20127.00
10.2.2015,20124.00
11.2.2015,20120.00
12.2.2015,20130.00
13.2.2015,20118.00
16.2.2015,20138.00
17.2.2015,20154.00
18.2.2015,20155.00
19.2.2015,20142.00
20.2.2015,20133.00
23.2.2015,20093.00
24.2.2015,20111.00
25.2.2015,20085.00
26.2.2015,20036.00
27.2.2015,20007.00
2.3.2015,20014.00
3.3.2015,20037.00
4.3.2015,20004.00
5.3.2015,20009.00
6.3.2015,19950.00
9.3.2015,19955.00
10.3.2015,19916.00
11.3.2015,19782.00
12.3.2015,19793.00
13.3.2015,19754.00
16.3.2015,19740.00
17.3.2015,19728.00
18.3.2015,19766.00
19.3.2015,19812.00
20.3.2015,19843.00
23.3.2015,19983.00
24.3.2015,19909.00
25.3.2015,19859.00
26.3.2015,19866.00
27.3.2015,19806.00
30.3.2015,19789.00
31.3.2015,19711.00
1.4.2015,19746.00
7.4.2015,19778.00
8.4.2015,19754.00
9.4.2015,19726.00
10.4.2015,19652.00
13.4.2015,19604.00
14.4.2015,19584.00
15.4.2015,19515.00
16.4.2015,19527.00
17.4.2015,19612.00
20.4.2015,19653.00
21.4.2015,19649.00
22.4.2015,19659.00
24.4.2015,19723.00
27.4.2015,19703.00
28.4.2015,19649.00
29.4.2015,19644.00
30.4.2015,19660.00
4.5.2015,19695.00
5.5.2015,19709.00
6.5.2015,19720.00
7.5.2015,19825.00
8.5.2015,19855.00
11.5.2015,19833.00
12.5.2015,19865.00
13.5.2015,19841.00
15.5.2015,19864.00
18.5.2015,19809.00
19.5.2015,19869.00
20.5.2015,19845.00
21.5.2015,19850.00
22.5.2015,19854.00
26.5.2015,19764.00
27.5.2015,19823.00
28.5.2015,19778.00
29.5.2015,19773.00
1.6.2015,19756.00
2.6.2015,19785.00
3.6.2015,19796.00
4.6.2015,19906.00
5.6.2015,19911.00
8.6.2015,19885.00
9.6.2015,19999.00
10.6.2015,19977.00
11.6.2015,20014.00
12.6.2015,19960.00
15.6.2015,19960.00
16.6.2015,19968.00
18.6.2015,19973.00
19.6.2015,19922.00
22.6.2015,19899.00
23.6.2015,19842.00
24.6.2015,19820.00
25.6.2015,19808.00
26.6.2015,19782.00
29.6.2015,19759.00
30.6.2015,19738.00
1.7.2015,19717.00
2.7.2015,19706.00
3.7.2015,19718.00
6.7.2015,19695.00
7.7.2015,19680.00
8.7.2015,19760.00
9.7.2015,19791.00
10.7.2015,19829.00
13.7.2015,19780.00
14.7.2015,19788.00
15.7.2015,19781.00
16.7.2015,19763.00
17.7.2015,19747.00
20.7.2015,19742.00
21.7.2015,19735.00
22.7.2015,19731.00
23.7.2015,19804.00
24.7.2015,19774.00
27.7.2015,19836.00
28.7.2015,19831.00
29.7.2015,19781.00
30.7.2015,19767.00
31.7.2015,19766.00
4.8.2015,19712.00
5.8.2015,19681.00
6.8.2015,19669.00
7.8.2015,19688.00
10.8.2015,19683.00
11.8.2015,19712.00
12.8.2015,19755.00
13.8.2015,19719.00
14.8.2015,19696.00
17.8.2015,19669.00
18.8.2015,19671.00
19.8.2015,19651.00
20.8.2015,19705.00
21.8.2015,19701.00
24.8.2015,19766.00
25.8.2015,19752.00
26.8.2015,19660.00
27.8.2015,19579.00
28.8.2015,19530.00
31.8.2015,19441.00
1.9.2015,19414.00
2.9.2015,19409.00
3.9.2015,19399.00
4.9.2015,19349.00
7.9.2015,19349.00
8.9.2015,19319.00
9.9.2015,19289.00
10.9.2015,19299.00
11.9.2015,19281.00
14.9.2015,19291.00
15.9.2015,19287.00
16.9.2015,19256.00
17.9.2015,19256.00
18.9.2015,19283.00
21.9.2015,19257.00
22.9.2015,19235.00
23.9.2015,19203.00
24.9.2015,19287.00
25.9.2015,19230.00
28.9.2015,19201.00
29.9.2015,19191.00
30.9.2015,19137.00
1.10.2015,19094.00
2.10.2015,19072.00
5.10.2015,19073.00
6.10.2015,19053.00
7.10.2015,19032.00
8.10.2015,19045.00
9.10.2015,19030.00
12.10.2015,19026.00
13.10.2015,19029.00
14.10.2015,19035.00
15.10.2015,19019.00
16.10.2015,18993.00
19.10.2015,18993.00
20.10.2015,19036.00
21.10.2015,19079.00
22.10.2015,19102.00
23.10.2015,19027.00
26.10.2015,19031.00
27.10.2015,19038.00
28.10.2015,19008.00
29.10.2015,18996.00
30.10.2015,18963.00
2.11.2015,18942.00
3.11.2015,18925.00
4.11.2015,18898.00
5.11.2015,18899.00
6.11.2015,18895.00
9.11.2015,18887.00
10.11.2015,18884.00
11.11.2015,18856.00
12.11.2015,18853.00
13.11.2015,18866.00
16.11.2015,18858.00
17.11.2015,18833.00
18.11.2015,18831.00
19.11.2015,18880.00
20.11.2015,18891.00
23.11.2015,18869.00
24.11.2015,18880.00
25.11.2015,18860.00
26.11.2015,18851.00
27.11.2015,18838.00
30.11.2015,18826.00
1.12.2015,18822.00
2.12.2015,18820.00
3.12.2015,18811.00
4.12.2015,18929.00
7.12.2015,18889.00
8.12.2015,18896.00
9.12.2015,18939.00
10.12.2015,18966.00
11.12.2015,18969.00
14.12.2015,18949.00
15.12.2015,18972.00
16.12.2015,18949.00
17.12.2015,18982.00
18.12.2015,18972.00
21.12.2015,18986.00
22.12.2015,18996.00
23.12.2015,18984.00
28.12.2015,19007.00
29.12.2015,18988.00
30.12.2015,18957.00
31.12.2015,18939.00
4.1.2016,18948.00
5.1.2016,18939.00
6.1.2016,18933.00
7.1.2016,18978.00
8.1.2016,18974.00
11.1.2016,18927.00
12.1.2016,18955.00
13.1.2016,18951.00
14.1.2016,18970.00
15.1.2016,18947.00
18.1.2016,18986.00
19.1.2016,18961.00
20.1.2016,18980.00
21.1.2016,18984.00
22.1.2016,18932.00
25.1.2016,18974.00
26.1.2016,19012.00
27.1.2016,18992.00
28.1.2016,19006.00
29.1.2016,18974.00
1.2.2016,18959.00
2.2.2016,19001.00
3.2.2016,18998.00
4.2.2016,19098.00
5.2.2016,19079.00
8.2.2016,19067.00
9.2.2016,19083.00
10.2.2016,19097.00
11.2.2016,19169.00
12.2.2016,19122.00
15.2.2016,19074.00
16.2.2016,19067.00
17.2.2016,19095.00
18.2.2016,19109.00
19.2.2016,19126.00
22.2.2016,19107.00
23.2.2016,19095.00
24.2.2016,19060.00
25.2.2016,19076.00
26.2.2016,19024.00
29.2.2016,18968.00
1.3.2016,18961.00
2.3.2016,18936.00
3.3.2016,18959.00
4.3.2016,18994.00
7.3.2016,18945.00
8.3.2016,18971.00
9.3.2016,18961.00
10.3.2016,18919.00
11.3.2016,18844.00
14.3.2016,18845.00
15.3.2016,18850.00
16.3.2016,18841.00
17.3.2016,18901.00
18.3.2016,18876.00
21.3.2016,18903.00
22.3.2016,18874.00
23.3.2016,18882.00
29.3.2016,18851.00
30.3.2016,18856.00
31.3.2016,18867.00
1.4.2016,18828.00
4.4.2016,18816.00
5.4.2016,18824.00
6.4.2016,18909.00
7.4.2016,18954.00
8.4.2016,18910.00
11.4.2016,18901.00
12.4.2016,18903.00
13.4.2016,18866.00
14.4.2016,18842.00
15.4.2016,18814.00
18.4.2016,18823.00
19.4.2016,18836.00
20.4.2016,18869.00
22.4.2016,18894.00
25.4.2016,18857.00
26.4.2016,18867.00
27.4.2016,18835.00
28.4.2016,18843.00
29.4.2016,18807.00
2.5.2016,18805.00
3.5.2016,18827.00
4.5.2016,18819.00
6.5.2016,18801.00
9.5.2016,18796.00
10.5.2016,18798.00
11.5.2016,18806.00
12.5.2016,18830.00
13.5.2016,18798.00
17.5.2016,18803.00
18.5.2016,18786.00
19.5.2016,18789.00
20.5.2016,18793.00
23.5.2016,18785.00
24.5.2016,18750.00
25.5.2016,18768.00
26.5.2016,18768.00
27.5.2016,18759.00
30.5.2016,18745.00
31.5.2016,18708.00
1.6.2016,18685.00
2.6.2016,18708.00
3.6.2016,18704.00
6.6.2016,18773.00
7.6.2016,18730.00
8.6.2016,18732.00
9.6.2016,18699.00
10.6.2016,18692.00
13.6.2016,18671.00
14.6.2016,18669.00
15.6.2016,18644.00
16.6.2016,18640.00
20.6.2016,18666.00
21.6.2016,18640.00
22.6.2016,18599.00
23.6.2016,18526.00
24.6.2016,18579.00
27.6.2016,18541.00
28.6.2016,18487.00
29.6.2016,18457.00
30.6.2016,18381.00
1.7.2016,18335.00
4.7.2016,18348.00
5.7.2016,18360.00
6.7.2016,18304.00
7.7.2016,18285.00
8.7.2016,18276.00
11.7.2016,18256.00
12.7.2016,18279.00
13.7.2016,18210.00
14.7.2016,18227.00
15.7.2016,18140.00
18.7.2016,18119.00
19.7.2016,18136.00
20.7.2016,18121.00
21.7.2016,18133.00
22.7.2016,18084.00
25.7.2016,18020.00
26.7.2016,17968.00
27.7.2016,17929.00
28.7.2016,17858.00
29.7.2016,17827.00
2.8.2016,17832.00
3.8.2016,17833.00
4.8.2016,17975.00
5.8.2016,17923.00
8.8.2016,17912.00
9.8.2016,17821.00
10.8.2016,17826.00
11.8.2016,17816.00
12.8.2016,17777.00
15.8.2016,17757.00
16.8.2016,17752.00
17.8.2016,17776.00
18.8.2016,17779.00
19.8.2016,17748.00
22.8.2016,17737.00
23.8.2016,17736.00
24.8.2016,17707.00
25.8.2016,17700.00
26.8.2016,17660.00
29.8.2016,17589.00
30.8.2016,17555.00
31.8.2016,17451.00
1.9.2016,17404.00
2.9.2016,17398.00
5.9.2016,17364.00
6.9.2016,17393.00
7.9.2016,17336.00
8.9.2016,17346.00
9.9.2016,17346.00
12.9.2016,17305.00
13.9.2016,17308.00
14.9.2016,17309.00
15.9.2016,17307.00
16.9.2016,17291.00
19.9.2016,17261.00
20.9.2016,17273.00
21.9.2016,17178.00
22.9.2016,17202.00
23.9.2016,17243.00
26.9.2016,17214.00
27.9.2016,17214.00
28.9.2016,17192.00
29.9.2016,17200.00
30.9.2016,17162.00
3.10.2016,17178.00
4.10.2016,17126.00
5.10.2016,17160.00
6.10.2016,17117.00
7.10.2016,17118.00
10.10.2016,17101.00
11.10.2016,17053.00
12.10.2016,16985.00
13.10.2016,16960.00
14.10.2016,16924.00
17.10.2016,16910.00
18.10.2016,16913.00
19.10.2016,16825.00
20.10.2016,16833.00
21.10.2016,16801.00
24.10.2016,16770.00
25.10.2016,16764.00
26.10.2016,16727.00
27.10.2016,16699.00
28.10.2016,16681.00
31.10.2016,16619.00
1.11.2016,16593.00
2.11.2016,16550.00
3.11.2016,16570.00
4.11.2016,16527.00
7.11.2016,16508.00
8.11.2016,16495.00
9.11.2016,16436.00
10.11.2016,16409.00
11.11.2016,16395.00
14.11.2016,16325.00
15.11.2016,16318.00
16.11.2016,16269.00
17.11.2016,16253.00
18.11.2016,16203.00
21.11.2016,16191.00
22.11.2016,16183.00
23.11.2016,16170.00
24.11.2016,16099.00
25.11.2016,16108.00
28.11.2016,16108.00
29.11.2016,16077.00
30.11.2016,16015.00
1.12.2016,16020.00
2.12.2016,15964.00
5.12.2016,15956.00
6.12.2016,15923.00
7.12.2016,15939.00
8.12.2016,15957.00
9.12.2016,15899.00
12.12.2016,15924.00
13.12.2016,15925.00
14.12.2016,16004.00
15.12.2016,15995.00
16.12.2016,16035.00
19.12.2016,16007.00
20.12.2016,15940.00
21.12.2016,15927.00
22.12.2016,15927.00
23.12.2016,15960.00
27.12.2016,15960.00
28.12.2016,15959.00
29.12.2016,16105.00
30.12.2016,16024.00
2.1.2017,16019.00
3.1.2017,15993.00
4.1.2017,15953.00
5.1.2017,15982.00
6.1.2017,16128.00
9.1.2017,16141.00
10.1.2017,16277.00
11.1.2017,16503.00
12.1.2017,16329.00
13.1.2017,16355.00
16.1.2017,16298.00
17.1.2017,16225.00
18.1.2017,16171.00
19.1.2017,16207.00
20.1.2017,16262.00
23.1.2017,16279.00
24.1.2017,16602.00
25.1.2017,16684.00
26.1.2017,16726.00
27.1.2017,16731.00
30.1.2017,16733.00
31.1.2017,16720.00
1.2.2017,16721.00
2.2.2017,16398.00
3.2.2017,16399.00
6.2.2017,16340.00
7.2.2017,16351.00
8.2.2017,16226.00
9.2.2017,16280.00
10.2.2017,16229.00
13.2.2017,16200.00
14.2.2017,16057.00
15.2.2017,15869.00
16.2.2017,15821.00
17.2.2017,15814.00
20.2.2017,15746.00
21.2.2017,15700.00
22.2.2017,15579.00
23.2.2017,15533.00
24.2.2017,15442.00
27.2.2017,15326.00
28.2.2017,15218.00
1.3.2017,15098.00
2.3.2017,15265.00
3.3.2017,15202.00
6.3.2017,15208.00
7.3.2017,15389.00
8.3.2017,15477.00
9.3.2017,15477.00
10.3.2017,15476.00
13.3.2017,15929.00
14.3.2017,16039.00
15.3.2017,15667.00
16.3.2017,15859.00
17.3.2017,15731.00
20.3.2017,15674.00
21.3.2017,15901.00
22.3.2017,16065.00
23.3.2017,16146.00
24.3.2017,16037.00
27.3.2017,16035.00
28.3.2017,16028.00
29.3.2017,16121.00
30.3.2017,16236.00
31.3.2017,16238.00
3.4.2017,16255.00
4.4.2017,16364.00
5.4.2017,16134.00
6.4.2017,16132.00
7.4.2017,16071.00
10.4.2017,16016.00
11.4.2017,16021.00
12.4.2017,15948.00
18.4.2017,15911.00
19.4.2017,15870.00
21.4.2017,15776.00
24.4.2017,15728.00
25.4.2017,15717.00
26.4.2017,15569.00
27.4.2017,15619.00
28.4.2017,15600.00
2.5.2017,15564.00
3.5.2017,15577.00
4.5.2017,15622.00
5.5.2017,15630.00
8.5.2017,15630.00
9.5.2017,15536.00
10.5.2017,15524.00
11.5.2017,15446.00
12.5.2017,15316.00
15.5.2017,15218.00
16.5.2017,15253.00
17.5.2017,15222.00
18.5.2017,15173.00
19.5.2017,15076.00
22.5.2017,15040.00
23.5.2017,15089.00
24.5.2017,15090.00
26.5.2017,15114.00
29.5.2017,15012.00
30.5.2017,14947.00
31.5.2017,14963.00
1.6.2017,14941.00
2.6.2017,14801.00
6.6.2017,14786.00
7.6.2017,14835.00
8.6.2017,14956.00
9.6.2017,14871.00
12.6.2017,14877.00
13.6.2017,15197.00
14.6.2017,15061.00
15.6.2017,15156.00
16.6.2017,15176.00
19.6.2017,15268.00
20.6.2017,15435.00
21.6.2017,15726.00
22.6.2017,15774.00
23.6.2017,15598.00
26.6.2017,15572.00
27.6.2017,15897.00
28.6.2017,15907.00
29.6.2017,15742.00
30.6.2017,15845.00
3.7.2017,15649.00
4.7.2017,15653.00
5.7.2017,15826.00
6.7.2017,16005.00
7.7.2017,15951.00
10.7.2017,16042.00
11.7.2017,16243.00
12.7.2017,16652.00
13.7.2017,15948.00
14.7.2017,16139.00
17.7.2017,15919.00
18.7.2017,15981.00
19.7.2017,16556.00
20.7.2017,16459.00
21.7.2017,16473.00
24.7.2017,16446.00
25.7.2017,16649.00
26.7.2017,16351.00
27.7.2017,16365.00
28.7.2017,16312.00
31.7.2017,16257.00
1.8.2017,16419.00
2.8.2017,16549.00
3.8.2017,16644.00
4.8.2017,16643.00
8.8.2017,16643.00
9.8.2017,16642.00
10.8.2017,16730.00
11.8.2017,16732.00
14.8.2017,16991.00
15.8.2017,17017.00
16.8.2017,17231.00
17.8.2017,17206.00
18.8.2017,16998.00
21.8.2017,16713.00
22.8.2017,16741.00
23.8.2017,17130.00
24.8.2017,17012.00
25.8.2017,17020.00
28.8.2017,16775.00
29.8.2017,16896.00
30.8.2017,16896.00
31.8.2017,16763.00
1.9.2017,16738.00
4.9.2017,16767.00
5.9.2017,16792.00
6.9.2017,17028.00
7.9.2017,17028.00
8.9.2017,17151.00
11.9.2017,17124.00
12.9.2017,17123.00
13.9.2017,17137.00
14.9.2017,17055.00
15.9.2017,17001.00
18.9.2017,17102.00
19.9.2017,17052.00
20.9.2017,17165.00
21.9.2017,17254.00
22.9.2017,17249.00
25.9.2017,17211.00
26.9.2017,17102.00
27.9.2017,16957.00
28.9.2017,16847.00
29.9.2017,16736.00
2.10.2017,16786.00
3.10.2017,16739.00
4.10.2017,16711.00
5.10.2017,16803.00
6.10.2017,16594.00
9.10.2017,16633.00
10.10.2017,16735.00
11.10.2017,16667.00
12.10.2017,16691.00
13.10.2017,16664.00
16.10.2017,16665.00
17.10.2017,16692.00
18.10.2017,16665.00
19.10.2017,16718.00
20.10.2017,16717.00
23.10.2017,16665.00
24.10.2017,16668.00
25.10.2017,16729.00
26.10.2017,16678.00
27.10.2017,16655.00
30.10.2017,16430.00
31.10.2017,16430.00
1.11.2017,16569.00
2.11.2017,16611.00
3.11.2017,16615.00
6.11.2017,16588.00
7.11.2017,16482.00
8.11.2017,16491.00
9.11.2017,16256.00
10.11.2017,16233.00
13.11.2017,16233.00
14.11.2017,16289.00
15.11.2017,16487.00
16.11.2017,16381.00
17.11.2017,16381.00
20.11.2017,16381.00
21.11.2017,16353.00
22.11.2017,16354.00
23.11.2017,16568.00
24.11.2017,16487.00
27.11.2017,16487.00
28.11.2017,16567.00
29.11.2017,16497.00
30.11.2017,16448.00
1.12.2017,16501.00
4.12.2017,16528.00
5.12.2017,16475.00
6.12.2017,16501.00
7.12.2017,16636.00
8.12.2017,16529.00
11.12.2017,16497.00
12.12.2017,16581.00
13.12.2017,16526.00
14.12.2017,16632.00
15.12.2017,16737.00
18.12.2017,16688.00
19.12.2017,16743.00
20.12.2017,16828.00
21.12.2017,16798.00
22.12.2017,16879.00
27.12.2017,16878.00
28.12.2017,16824.00
29.12.2017,16796.00
2.1.2018,16693.00
3.1.2018,16850.00
4.1.2018,16824.00
5.1.2018,16832.00
8.1.2018,16779.00
9.1.2018,16806.00
10.1.2018,16804.00
11.1.2018,16805.00
12.1.2018,16855.00
15.1.2018,16879.00
16.1.2018,16878.00
17.1.2018,16912.00
18.1.2018,16932.00
19.1.2018,16879.00
22.1.2018,16913.00
23.1.2018,16915.00
24.1.2018,16911.00
25.1.2018,16912.00
26.1.2018,16845.00
29.1.2018,16767.00
30.1.2018,16740.00
31.1.2018,16824.00
1.2.2018,16796.00
2.2.2018,16795.00
5.2.2018,16794.00
6.2.2018,16794.00
7.2.2018,16797.00
8.2.2018,16822.00
9.2.2018,16821.00
12.2.2018,16819.00
13.2.2018,16836.00
14.2.2018,16834.00
15.2.2018,16780.00
16.2.2018,16810.00
19.2.2018,16733.00
20.2.2018,16715.00
21.2.2018,16636.00
22.2.2018,16638.00
23.2.2018,16639.00
26.2.2018,16613.00
27.2.2018,16615.00
28.2.2018,16611.00
1.3.2018,16611.00
2.3.2018,16609.00
5.3.2018,16638.00
6.3.2018,16605.00
7.3.2018,16631.00
8.3.2018,16548.00
9.3.2018,16527.00
12.3.2018,16524.00
13.3.2018,16526.00
14.3.2018,16526.00
15.3.2018,16526.00
16.3.2018,16473.00
19.3.2018,16446.00
20.3.2018,16447.00
21.3.2018,16446.00
22.3.2018,16473.00
23.3.2018,16420.00
26.3.2018,16366.00
27.3.2018,16340.00
28.3.2018,16307.00
3.4.2018,16311.00
4.4.2018,16310.00
5.4.2018,16315.00
6.4.2018,16288.00
9.4.2018,16290.00
10.4.2018,16291.00
11.4.2018,16325.00
12.4.2018,16414.00
13.4.2018,16330.00
16.4.2018,16382.00
17.4.2018,16436.00
18.4.2018,16526.00
20.4.2018,16546.00
23.4.2018,16546.00
24.4.2018,16545.00
25.4.2018,16515.00
26.4.2018,16511.00
27.4.2018,16456.00
30.4.2018,16398.00
2.5.2018,16405.00
3.5.2018,16404.00
4.5.2018,16404.00
7.5.2018,16353.00
8.5.2018,16377.00
9.5.2018,16404.00
11.5.2018,16431.00
14.5.2018,16402.00
15.5.2018,16458.00
16.5.2018,16513.00
17.5.2018,16544.00
18.5.2018,16569.00
22.5.2018,16598.00
23.5.2018,16593.00
24.5.2018,16621.00
25.5.2018,16620.00
28.5.2018,16569.00
29.5.2018,16516.00
30.5.2018,16513.00
31.5.2018,16509.00
1.6.2018,16403.00
4.6.2018,16430.00
5.6.2018,16594.00
6.6.2018,16619.00
7.6.2018,16690.00
8.6.2018,16744.00
11.6.2018,16740.00
12.6.2018,16792.00
13.6.2018,16846.00
14.6.2018,16764.00
15.6.2018,16630.00
18.6.2018,16793.00
19.6.2018,16987.00
20.6.2018,16907.00
21.6.2018,17017.00
22.6.2018,16987.00
25.6.2018,16933.00
26.6.2018,16883.00
27.6.2018,16750.00
28.6.2018,16671.00
29.6.2018,16611.00
2.7.2018,16616.00
3.7.2018,16723.00
4.7.2018,16806.00
5.7.2018,16751.00
6.7.2018,16747.00
9.7.2018,16797.00
10.7.2018,16824.00
11.7.2018,16823.00
12.7.2018,16822.00
13.7.2018,16794.00
16.7.2018,16794.00
17.7.2018,16715.00
18.7.2018,16688.00
19.7.2018,16691.00
20.7.2018,16666.00
23.7.2018,16721.00
24.7.2018,16724.00
25.7.2018,16669.00
26.7.2018,16368.00
27.7.2018,16483.00
30.7.2018,16484.00
31.7.2018,16484.00
1.8.2018,16562.00
2.8.2018,16641.00
3.8.2018,16586.00
7.8.2018,16612.00
8.8.2018,16638.00
9.8.2018,16684.00
10.8.2018,16715.00
13.8.2018,16663.00
14.8.2018,16634.00
15.8.2018,16709.00
16.8.2018,16629.00
17.8.2018,16492.00
20.8.2018,16469.00
21.8.2018,16657.00
22.8.2018,16732.00
23.8.2018,16759.00
24.8.2018,16758.00
27.8.2018,16706.00
28.8.2018,16722.00
29.8.2018,16749.00
30.8.2018,16777.00
31.8.2018,16752.00
3.9.2018,16782.00
4.9.2018,16890.00
5.9.2018,17034.00
6.9.2018,17085.00
7.9.2018,17366.00
10.9.2018,17365.00
11.9.2018,17630.00
12.9.2018,17710.00
13.9.2018,17602.00
14.9.2018,17190.00
17.9.2018,17133.00
18.9.2018,17078.00
19.9.2018,17213.00
20.9.2018,17374.00
21.9.2018,17348.00
24.9.2018,17346.00
25.9.2018,17637.00
26.9.2018,17284.00
27.9.2018,17283.00
28.9.2018,17261.00
1.10.2018,17288.00
2.10.2018,17394.00
3.10.2018,17502.00
4.10.2018,17582.00
5.10.2018,17523.00
8.10.2018,17641.00
9.10.2018,17696.00
10.10.2018,17882.00
11.10.2018,18016.00
12.10.2018,18015.00
15.10.2018,18015.00
16.10.2018,18040.00
17.10.2018,18390.00
18.10.2018,18335.00
19.10.2018,18083.00
22.10.2018,18096.00
23.10.2018,18269.00
24.10.2018,18284.00
25.10.2018,18349.00
26.10.2018,18349.00
29.10.2018,18402.00
30.10.2018,18428.00
31.10.2018,18453.00
1.11.2018,18481.00
2.11.2018,18509.00
5.11.2018,18453.00
6.11.2018,18485.00
7.11.2018,18514.00
8.11.2018,18512.00
9.11.2018,18539.00
12.11.2018,18568.00
13.11.2018,18589.00
14.11.2018,18855.00
15.11.2018,18813.00
16.11.2018,18815.00
19.11.2018,18841.00
20.11.2018,18866.00
21.11.2018,18896.00
22.11.2018,18923.00
23.11.2018,18813.00
26.11.2018,18818.00
27.11.2018,18898.00
28.11.2018,18976.00
29.11.2018,19070.00
30.11.2018,18679.00
3.12.2018,18682.00
4.12.2018,18706.00
5.12.2018,18705.00
6.12.2018,18649.00
7.12.2018,18516.00
10.12.2018,18756.00
11.12.2018,18783.00
12.12.2018,18755.00
13.12.2018,18782.00
14.12.2018,18806.00
17.12.2018,18672.00
18.12.2018,18641.00
19.12.2018,18612.00
20.12.2018,18333.00
21.12.2018,18092.00
27.12.2018,17812.00
28.12.2018,17838.00
31.12.2018,17842.00
2.1.2019,17866.00
3.1.2019,17896.00
4.1.2019,17918.00
7.1.2019,18105.00
8.1.2019,18198.00
9.1.2019,18336.00
10.1.2019,18367.00
11.1.2019,18501.00
14.1.2019,18555.00
15.1.2019,18554.00
16.1.2019,18554.00
17.1.2019,18433.00
18.1.2019,18462.00
21.1.2019,18458.00
22.1.2019,18348.00
23.1.2019,18373.00
24.1.2019,18324.00
25.1.2019,18174.00
28.1.2019,18271.00
29.1.2019,18325.00
30.1.2019,18355.00
31.1.2019,18376.00
1.2.2019,18431.00
4.2.2019,18378.00
5.2.2019,18353.00
6.2.2019,18351.00
7.2.2019,18328.00
8.2.2019,18275.00
11.2.2019,18302.00
12.2.2019,18305.00
13.2.2019,18330.00
14.2.2019,18132.00
15.2.2019,17999.00
18.2.2019,18052.00
19.2.2019,18159.00
20.2.2019,18184.00
21.2.2019,18186.00
22.2.2019,18185.00
25.2.2019,18186.00
26.2.2019,18241.00
27.2.2019,18239.00
28.2.2019,18241.00
1.3.2019,18214.00
4.3.2019,18241.00
5.3.2019,18369.00
6.3.2019,18387.00
7.3.2019,18334.00
8.3.2019,18284.00
11.3.2019,18283.00
12.3.2019,18257.00
13.3.2019,18070.00
14.3.2019,18036.00
15.3.2019,17860.00
18.3.2019,17834.00
19.3.2019,17782.00
20.3.2019,17809.00
21.3.2019,17966.00
22.3.2019,18076.00
25.3.2019,18286.00
26.3.2019,18365.00
27.3.2019,18389.00
28.3.2019,18390.00
29.3.2019,18419.00
1.4.2019,18449.00
2.4.2019,18446.00
3.4.2019,17951.00
4.4.2019,17924.00
5.4.2019,17898.00
8.4.2019,17897.00
9.4.2019,17923.00
10.4.2019,17949.00
11.4.2019,18111.00
12.4.2019,18112.00
15.4.2019,18168.00
16.4.2019,18166.00
17.4.2019,18164.00
23.4.2019,18162.00
24.4.2019,18187.00
26.4.2019,18216.00
29.4.2019,18244.00
30.4.2019,18245.00
2.5.2019,18402.00
3.5.2019,18324.00
6.5.2019,18215.00
7.5.2019,18270.00
8.5.2019,18351.00
9.5.2019,18403.00
10.5.2019,18377.00
13.5.2019,18376.00
14.5.2019,18449.00
15.5.2019,18395.00
16.5.2019,18347.00
17.5.2019,18398.00
20.5.2019,18452.00
21.5.2019,18451.00
22.5.2019,18573.00
23.5.2019,18506.00
24.5.2019,18519.00
27.5.2019,18545.00
28.5.2019,18570.00
29.5.2019,18572.00
31.5.2019,18519.00
3.6.2019,18547.00
4.6.2019,18628.00
5.6.2019,18678.00
6.6.2019,18652.00
7.6.2019,18653.00
11.6.2019,18811.00
12.6.2019,18920.00
13.6.2019,18974.00
14.6.2019,18949.00
18.6.2019,18950.00
19.6.2019,18950.00
20.6.2019,18951.00
21.6.2019,18954.00
24.6.2019,18952.00
25.6.2019,18954.00
26.6.2019,18954.00
27.6.2019,18984.00
28.6.2019,18986.00
1.7.2019,18984.00
2.7.2019,18985.00
3.7.2019,18985.00
4.7.2019,18987.00
5.7.2019,18987.00
8.7.2019,18986.00
9.7.2019,19012.00
10.7.2019,19013.00
11.7.2019,19004.00
12.7.2019,19003.00
15.7.2019,18978.00
16.7.2019,18976.00
17.7.2019,18976.00
18.7.2019,18897.00
19.7.2019,18844.00
22.7.2019,18738.00
23.7.2019,18738.00
24.7.2019,18204.00
25.7.2019,18204.00
26.7.2019,18175.00
29.7.2019,18174.00
30.7.2019,18121.00
31.7.2019,18038.00
1.8.2019,18201.00
2.8.2019,18257.00
6.8.2019,18287.00
7.8.2019,18289.00
8.8.2019,18399.00
9.8.2019,18398.00
12.8.2019,18423.00
13.8.2019,18534.00
14.8.2019,18534.00
15.8.2019,18485.00
16.8.2019,18461.00
19.8.2019,18463.00
20.8.2019,18521.00
21.8.2019,18521.00
22.8.2019,18549.00
23.8.2019,18523.00
26.8.2019,18548.00
27.8.2019,18599.00
28.8.2019,18491.00
29.8.2019,18492.00
30.8.2019,18576.00
2.9.2019,18575.00
3.9.2019,18722.00
4.9.2019,18678.00
5.9.2019,18672.00
6.9.2019,18670.00
9.9.2019,18646.00
10.9.2019,18593.00
11.9.2019,18591.00
12.9.2019,18560.00
13.9.2019,18493.00
16.9.2019,18361.00
17.9.2019,18293.00
18.9.2019,18319.00
19.9.2019,18346.00
20.9.2019,18347.00
23.9.2019,18375.00
24.9.2019,18376.00
25.9.2019,18190.00
26.9.2019,18167.00
27.9.2019,18161.00
30.9.2019,18096.00
1.10.2019,18123.00
2.10.2019,18148.00
3.10.2019,18178.00
4.10.2019,18176.00
7.10.2019,18251.00
8.10.2019,18276.00
9.10.2019,18383.00
10.10.2019,18477.00
11.10.2019,18436.00
14.10.2019,18463.00
15.10.2019,18515.00
16.10.2019,18510.00
17.10.2019,18538.00
18.10.2019,18622.00
21.10.2019,18645.00
22.10.2019,18646.00
23.10.2019,18593.00
24.10.2019,18566.00
25.10.2019,18513.00
28.10.2019,18514.00
29.10.2019,18513.00
30.10.2019,18485.00
31.10.2019,18487.00
1.11.2019,18485.00
4.11.2019,18457.00
5.11.2019,18458.00
6.11.2019,18431.00
7.11.2019,18431.00
8.11.2019,18427.00
11.11.2019,18427.00
12.11.2019,18428.00
13.11.2019,18428.00
14.11.2019,18375.00
15.11.2019,18188.00
18.11.2019,18213.00
19.11.2019,18241.00
20.11.2019,18185.00
21.11.2019,18238.00
22.11.2019,18239.00
25.11.2019,18216.00
26.11.2019,18121.00
27.11.2019,18122.00
28.11.2019,18070.00
29.11.2019,17815.00
2.12.2019,18052.00
3.12.2019,18015.00
4.12.2019,18015.00
5.12.2019,17989.00
6.12.2019,17987.00
9.12.2019,17906.00
10.12.2019,18025.00
11.12.2019,18078.00
12.12.2019,18293.00
13.12.2019,18328.00
16.12.2019,18310.00
17.12.2019,18279.00
18.12.2019,18336.00
19.12.2019,18361.00
20.12.2019,18283.00
23.12.2019,18121.00
27.12.2019,18155.00
30.12.2019,18184.00
31.12.2019,18182.00
2.1.2020,18272.00
3.1.2020,18319.00
6.1.2020,18346.00
7.1.2020,18372.00
8.1.2020,18373.00
9.1.2020,18427.00
10.1.2020,18279.00
13.1.2020,18359.00
14.1.2020,18359.00
15.1.2020,18280.00
16.1.2020,18309.00
17.1.2020,18334.00
20.1.2020,18387.00
21.1.2020,18414.00
22.1.2020,18440.00
23.1.2020,18440.00
24.1.2020,18413.00
27.1.2020,18386.00
28.1.2020,18387.00
29.1.2020,18249.00
30.1.2020,18186.00
31.1.2020,18212.00
3.2.2020,18347.00
4.2.2020,18453.00
5.2.2020,18481.00
6.2.2020,18507.00
7.2.2020,18453.00
10.2.2020,18455.00
11.2.2020,18456.00
12.2.2020,18456.00
13.2.2020,18455.00
14.2.2020,18429.00
17.2.2020,18406.00
18.2.2020,18433.00
19.2.2020,18488.00
20.2.2020,18490.00
21.2.2020,18491.00
24.2.2020,18648.00
25.2.2020,18672.00
26.2.2020,18643.00
27.2.2020,18643.00
28.2.2020,18643.00
2.3.2020,18787.00
3.3.2020,19123.00
4.3.2020,19031.00
5.3.2020,19030.00
6.3.2020,19119.00
9.3.2020,19405.00
10.3.2020,19527.00
11.3.2020,19443.00
12.3.2020,19765.00
13.3.2020,20088.00
16.3.2020,20233.00
17.3.2020,20703.00
18.3.2020,20359.00
19.3.2020,20365.00
20.3.2020,20069.00
23.3.2020,20245.00
24.3.2020,20314.00
25.3.2020,20342.00
26.3.2020,20583.00
27.3.2020,20637.00
30.3.2020,20665.00
31.3.2020,20797.00
1.4.2020,20915.00
2.4.2020,20794.00
3.4.2020,20846.00
6.4.2020,20823.00
7.4.2020,20800.00
8.4.2020,20861.00
14.4.2020,20891.00
15.4.2020,20913.00
16.4.2020,20946.00
17.4.2020,20978.00
20.4.2020,21009.00
21.4.2020,21078.00
22.4.2020,21194.00
24.4.2020,21265.00
27.4.2020,21265.00
28.4.2020,21364.00
29.4.2020,21388.00
30.4.2020,21358.00
4.5.2020,21375.00
5.5.2020,21377.00
6.5.2020,21348.00
7.5.2020,21325.00
8.5.2020,21246.00
11.5.2020,21248.00
12.5.2020,21282.00
13.5.2020,21233.00
14.5.2020,21228.00
15.5.2020,21228.00
18.5.2020,21100.00
19.5.2020,20992.00
20.5.2020,20992.00
22.5.2020,20959.00
25.5.2020,20852.00
26.5.2020,20697.00
27.5.2020,20271.00
28.5.2020,20229.00
29.5.2020,20231.00
2.6.2020,20258.00
3.6.2020,20256.00
4.6.2020,19954.00
5.6.2020,19971.00
8.6.2020,20023.00
9.6.2020,20077.00
10.6.2020,20163.00
11.6.2020,20354.00
12.6.2020,20403.00
15.6.2020,20374.00
16.6.2020,20481.00
18.6.2020,20508.00
19.6.2020,20655.00
22.6.2020,20737.00
23.6.2020,21027.00
24.6.2020,21080.00
25.6.2020,21047.00
26.6.2020,20789.00
29.6.2020,20852.00
30.6.2020,20852.00
1.7.2020,20879.00
2.7.2020,20967.00
3.7.2020,20975.00
6.7.2020,21096.00
7.7.2020,21068.00
8.7.2020,21101.00
9.7.2020,21301.00
10.7.2020,21342.00
13.7.2020,21382.00
14.7.2020,21441.00
15.7.2020,21488.00
16.7.2020,21491.00
17.7.2020,21517.00
20.7.2020,21509.00
21.7.2020,21439.00
22.7.2020,21198.00
23.7.2020,21200.00
24.7.2020,21199.00
27.7.2020,21253.00
28.7.2020,21308.00
29.7.2020,21336.00
30.7.2020,21365.00
31.7.2020,21468.00
4.8.2020,21490.00
5.8.2020,21474.00
6.8.2020,21504.00
7.8.2020,21531.00
10.8.2020,21564.00
11.8.2020,21629.00
12.8.2020,21630.00
13.8.2020,21630.00
