Staða í m.kr. / Position in ISK mill.,6/30/2020,5/31/2020,4/30/2020,3/31/2020,2/29/2020,1/31/2020,12/31/2019,11/30/2019,10/31/2019,9/30/2019,8/31/2019,7/31/2019,6/30/2019,5/31/2019,4/30/2019,3/31/2019,2/28/2019,1/31/2019,12/31/2018,11/30/2018,10/31/2018,9/30/2018,8/31/2018,7/31/2018,6/30/2018,5/31/2018,4/30/2018,3/31/2018,2/28/2018,1/31/2018,12/31/2017,11/30/2017,10/31/2017,9/30/2017,8/31/2017,7/31/2017,6/30/2017,5/31/2017,4/30/2017,3/31/2017,2/28/2017,1/31/2017,12/31/2016,11/30/2016,10/31/2016,9/30/2016,8/31/2016,7/31/2016,6/30/2016,5/31/2016,4/30/2016,3/31/2016,2/29/2016,1/31/2016,12/31/2015,11/30/2015,10/31/2015,9/30/2015,8/31/2015,7/31/2015,6/30/2015,5/31/2015,4/30/2015,3/31/2015,2/28/2015,1/31/2015,12/31/2014,11/30/2014,10/31/2014,9/30/2014,8/31/2014,7/31/2014,6/30/2014,5/31/2014,4/30/2014,3/31/2014,2/28/2014,1/31/2014,12/31/2013,11/30/2013,10/31/2013,9/30/2013,8/31/2013,7/31/2013,6/30/2013,5/31/2013,4/30/2013,3/31/2013,2/28/2013,1/31/2013,12/31/2012,11/30/2012,10/31/2012,9/30/2012,8/31/2012,7/31/2012,6/30/2012,5/31/2012,4/30/2012,3/31/2012,2/29/2012,1/31/2012,12/31/2011,11/30/2011,10/31/2011,9/30/2011,8/31/2011,7/31/2011,6/30/2011,5/31/2011,4/30/2011,3/31/2011,2/28/2011,1/31/2011,12/31/2010,11/30/2010,10/31/2010,9/30/2010,8/31/2010,7/31/2010,6/30/2010,5/31/2010,4/30/2010,3/31/2010,2/28/2010,1/31/2010,12/31/2009,11/30/2009,10/31/2009,9/30/2009,8/31/2009,7/31/2009,6/30/2009,5/31/2009,4/30/2009,3/31/2009,2/28/2009,1/31/2009,12/31/2008,11/30/2008,10/31/2008,9/30/2008,8/31/2008,7/31/2008,6/30/2008,5/31/2008,4/30/2008,3/31/2008,2/29/2008,1/31/2008,12/31/2007,11/30/2007,10/31/2007,9/30/2007,8/31/2007,7/31/2007,6/30/2007,5/31/2007,4/30/2007,3/31/2007,2/28/2007,1/31/2007,12/31/2006,11/30/2006,10/31/2006,9/30/2006,8/31/2006,7/31/2006,6/30/2006,5/31/2006,4/30/2006,3/31/2006,2/28/2006,1/31/2006,12/31/2005,11/30/2005,10/31/2005,9/30/2005,8/31/2005,7/31/2005,6/30/2005,5/31/2005,4/30/2005,3/31/2005,2/28/2005,1/31/2005,12/31/2004,11/30/2004,10/31/2004,9/30/2004,8/31/2004,7/31/2004,6/30/2004,5/31/2004,4/30/2004,3/31/2004,2/29/2004,1/31/2004,12/31/2003,11/30/2003,10/31/2003,9/30/2003,8/31/2003,7/31/2003,6/30/2003,5/31/2003,4/30/2003,3/31/2003,2/28/2003,1/31/2003,12/31/2002,11/30/2002,10/31/2002,9/30/2002,8/31/2002,7/31/2002,6/30/2002,5/31/2002,4/30/2002,3/31/2002,2/28/2002,1/31/2002,12/31/2001,11/30/2001,10/31/2001,9/30/2001,8/31/2001,7/31/2001,6/30/2001,5/31/2001,4/30/2001,3/31/2001,2/28/2001,1/31/2001,12/31/2000,11/30/2000,10/31/2000,9/30/2000,8/31/2000,7/31/2000,6/30/2000,5/31/2000,4/30/2000,3/31/2000,2/29/2000,1/31/2000,12/31/1999,11/30/1999,10/31/1999,9/30/1999,8/31/1999,7/31/1999,6/30/1999,5/31/1999,4/30/1999,3/31/1999,2/28/1999,1/31/1999,12/31/1998,11/30/1998,10/31/1998,9/30/1998,8/31/1998,7/31/1998,6/30/1998,5/31/1998,4/30/1998,3/31/1998,2/28/1998,1/31/1998,12/31/1997,11/30/1997,10/31/1997,9/30/1997,8/31/1997,7/31/1997,6/30/1997,5/31/1997,4/30/1997,3/31/1997,2/28/1997,1/31/1997,12/31/1996,11/30/1996,10/31/1996,9/30/1996,8/31/1996,7/31/1996,6/30/1996,5/31/1996,4/30/1996,3/31/1996,2/29/1996,1/31/1996,12/31/1995,11/30/1995,10/31/1995,9/30/1995,8/31/1995,7/31/1995,6/30/1995,5/31/1995,4/30/1995,3/31/1995,2/28/1995,1/31/1995,12/31/1994,11/30/1994,10/31/1994,9/30/1994,8/31/1994,7/31/1994,6/30/1994,5/31/1994,4/30/1994,3/31/1994,2/28/1994,1/31/1994,12/31/1993,11/30/1993,10/31/1993,9/30/1993,8/31/1993,7/31/1993,6/30/1993,5/31/1993,4/30/1993,3/31/1993,2/28/1993,1/31/1993,12/31/1992,11/30/1992,10/31/1992,9/30/1992,8/31/1992,7/31/1992,6/30/1992,5/31/1992,4/30/1992,3/31/1992,2/29/1992,1/31/1992,12/31/1991,11/30/1991,10/31/1991,9/30/1991,8/31/1991,7/31/1991,6/30/1991,5/31/1991,4/30/1991,3/31/1991,2/28/1991,1/31/1991,12/31/1990,11/30/1990,10/31/1990,9/30/1990,8/31/1990,7/31/1990,6/30/1990,5/31/1990,4/30/1990,3/31/1990,2/28/1990,1/31/1990,12/31/1989,11/30/1989,10/31/1989,9/30/1989,8/31/1989,7/31/1989,6/30/1989,5/31/1989,4/30/1989,3/31/1989,2/28/1989,1/31/1989,12/31/1988,11/30/1988,10/31/1988,9/30/1988,8/31/1988,7/31/1988,6/30/1988,5/31/1988,4/30/1988,3/31/1988,2/29/1988,1/31/1988,12/31/1987,11/30/1987,10/31/1987,9/30/1987,8/31/1987,7/31/1987,6/30/1987,5/31/1987,4/30/1987,3/31/1987,2/28/1987,1/31/1987
Markaðsskuldabréf / Marketable bonds*,2651186,2595673,2571476,2534050,2522800,2536771,2512159,2513221,2512447,2561896,2554109,2562530,2554960,2563319,2535457,2525519,2491496,2524694,2484579,2468241,2443738,2438921,2422636,2412282,2408465,2399276,2390031,2404759,2382956,2391712,2388126,2402278,2409689,2416823,2413045,2424640,2425177,2438306,2388248,2378640,2369469,2409315,2388080,2368368,2358792,2416095,2395069,2376623,2365134,2404953,2381893,2382997,2356506,2350021,2343641,2337894,2344611,2352014,2331794,2315973,2294211,2277742,2291555,2278519,2279571,2278340,2273927,2261882,2239501,2223756,2208604,2206456,2189700,2209180,2206235,2208223,2219404,2243192,2248452,2250447,2240908,2239192,2220056,2234735,2237502,2201432,2241224,2225922,2212235,2188044,2161851,2160852,2147829,2133835,2132282,2180555,2152533,2158561,2142978,2132627,2118319,2117279,2099006,1977652,1949933,1919018,1914737,1915035,1906106,1902470,1901700,1876861,1817916,1823346,1805216,1839965,1797773,1797980,1807714,1775572,1752559,1739879,1525767,1468694,1529400,1501865,1484170,1444597,1443947,1459654,1463368,1450040,1478762,1486655,1521427,1497536,1511999,1512680,1471862,1420054,1436729,1862983,1825346,1792649,1781811,1707413,1628752,1524755,1543185,1543026,1579202,1473078,1447866,1463798,1384258,1374742,1392864,1321259,1288431,1297895,1301207,1346273,1325573,1261843,1241023,1213832,1229886,1208236,1195779,1117601,1095899,1089027,972785,1045775,1055107,1022213,995376,985359,945077,948220,930667,882542,875594,879043,850428,856593,862117,853259,811312,801684,796699,790470,783411,758558,748451,739283,723137,709674,725354,706119,670802,671475,658342,650011,633872,631152,617479,618478,599990,597966,585005,584573,578387,567402,558621,552308,549824,532605,524712,525549,519820,506099,495742,478663,473804,466039,458216,451754,444022,433200,422372,415969,413396,414408,437934,434963,429938,422953,417362,414667,416689,406778,405459,403655,406380,408250,409513,403590,403843,400885,396109,393745,384452,381155,377018,371291,360963,364391,359477,358430,355757,355215,350580,343882,340411,334342,335291,334148,327730,310754,305211,302742,299830,298777,295940,291819,288824,284390,278639,274389,268163,264567,257115,255813,251658,247758,245866,241860,246552,242432,238355,234868,230696,225272,219434,220730,218557,215268,210783,208753,205571,202283,200013,197890,194218,195986,192794,189437,186933,184407,180028,177122,173654,168781,167568,164776,161328,161509,159482,156692,154783,152381,147011,144897,140667,138359,136503,134392,130908,126996,123136,124019,122293,120834,119440,117074,114468,113292,112071,109293,107172,104486,101062,99220,97373,95386,93701,89741,86861,84257,81361,78810,76400,75230,71743,69285,67432,65501,64329,62956,57302,56548,55355,53467,51281,50330,48789,45101,43741,43841,42169,41044,39630,36705,36516,35205,33691,31664,31994,30474,29733,29560,28319,26588,24983,23547,22539,21423,20697,19349,19610,16550,16215,15970,14999,14780,14499,13488,13170,13025,11517,11657
Ríkisbréf / Treasury bonds,708346,707073,694187,662533,654983,691801,687941,684683,694523,695149,687528,681664,680469,674849,666679,652671,630920,677680,671285,661487,671388,686307,686306,693894,696669,703942,710048,732623,730393,741696,764703,785368,815714,801728,802429,822571,825105,838513,826914,817463,831688,857782,852562,834983,843546,898134,888988,864550,856739,893011,892364,888657,882678,875179,874087,866064,887620,890707,881322,864250,847724,836932,846078,868779,884131,868313,864346,860928,837255,838838,822759,818182,817472,827523,831234,821354,835740,831861,831286,840333,846125,843478,833160,830093,814840,813551,872325,851299,849819,833789,812709,813122,807282,797929,791028,823844,799703,793458,785093,781473,778699,765825,761796,762278,742752,717924,703372,703143,730450,726980,730580,720786,681620,672689,659279,704654,667509,663449,663924,637268,617478,600708,375927,353855,397596,374186,363477,338794,325017,322486,320977,300839,303432,336478,302107,280831,254053,256088,229835,187605,200791,200971,186213,177717,167887,155623,129127,124497,119287,106928,106919,106392,106433,106961,109446,105294,102374,100091,99038,97693,96561,114442,109388,105132,105032,105166,106200,100515,97789,93183,97904,98074,97675,97616,96973,94780,95076,94868,92740,92619,89829,89872,88536,105923,104583,104416,104767,104724,105722,106077,106903,106292,105596,104549,105253,104628,99477,97056,99791,97758,95961,104617,102446,101097,97023,95183,93204,92121,90677,96735,94229,93738,94296,92224,91242,90475,89011,88573,90035,97200,96138,95105,94660,93050,92472,91642,90027,88095,86705,84427,82320,82757,82635,87358,87004,85916,86117,87971,88405,87944,89283,90044,89358,91469,96101,99379,97655,97428,99994,102561,102383,101694,100627,101273,100569,98823,99044,104810,104562,107354,108251,111503,112358,111116,109779,108385,107997,108432,107190,101517,100207,99810,99266,100946,99845,98448,99166,97114,93289,92436,88730,87930,87709,86839,85345,84658,84417,83160,90575,89551,87953,87482,85311,84070,84536,84044,84111,82246,80611,79371,77900,76849,76113,75199,74350,78950,78024,77165,76445,75362,74725,73369,71748,70406,68774,67123,65651,67324,66116,64377,63297,63132,60671,59782,58858,58271,57509,56495,55145,54005,53221,52184,51553,50954,50856,50451,49839,49250,48748,47817,46911,46298,46610,44918,44498,43331,42965,42002,41116,40352,39579,38958,38486,38883,38207,37457,36763,35030,34059,33220,30374,29932,29397,28048,27404,27097,26534,25593,24835,25284,24815,24302,23333,21102,20571,19736,19425,18946,19735,18799,18175,18039,17697,16567,15648,15207,14799,14468,14137,13442,14021,11601,11366,11221,11159,10940,10659,10459,10141,9996,9923,10063
Óverðtryggð ríkisbréf / Nominal Treasury bonds,477117,475879,465572,439208,429141,471906,470446,465471,471797,471982,466915,462857,461106,458042,453303,440587,424614,475179,468715,463319,481689,497945,498387,506497,509814,517372,522495,544365,542649,553090,575225,595949,628529,617110,616055,636464,640540,656315,646582,638803,654299,680759,675074,661186,670078,733606,727162,701795,693529,729430,728426,724618,718239,711481,709268,701954,717722,701278,691075,673695,658237,648114,657447,678723,696090,683022,676445,673192,649607,650567,634263,629912,629057,638494,642298,633332,646530,643469,640507,644063,648910,645429,635603,635328,622796,621988,681876,671741,670329,657772,639255,639762,635022,628438,621064,655663,631096,625550,619309,616987,614505,619625,617870,619716,634110,612106,597782,599097,639976,636067,643671,640886,602021,597936,585498,631090,601387,601213,607573,590724,579099,564093,342949,333545,377299,353816,342839,317844,304382,302084,300758,280727,283670,317013,282066,260747,234109,235206,209317,167515,181164,181164,166646,158391,148789,136840,110979,106665,101746,89365,89365,89014,88985,89637,92403,88303,84178,81628,81628,80328,78828,96586,91636,86936,86936,85936,83186,77686,73436,68012,70692,71270,71270,71270,69770,67766,68120,68120,66620,66620,63621,63621,62171,62171,62171,62171,59671,59671,58971,58271,57771,56871,55971,55471,55471,53971,49971,47671,46661,45311,43660,52564,50064,49264,45764,44264,43374,43374,42374,40424,38459,38159,38859,37859,36479,35529,34029,32029,29029,28029,27329,26329,25669,25269,24869,24169,23469,22869,22049,20299,18789,18809,17034,14384,14384,13724,13341,16262,14863,13447,13447,13447,13477,13447,13297,83675,13369,14044,14469,18060,18565,18565,18593,19797,19825,19877,19877,19920,19602,20539,19882,19567,19077,18676,18242,18093,17706,17173,17040,14341,13282,13280,13423,13123,12803,12803,12668,12368,11668,11668,10589,10589,10349,10139,10008,9908,9718,9747,6472,6483,6118,6809,6165,5143,6577,6336,7835,7320,6898,6658,5990,5700,5550,5550,5550,5550,5550,5550,5550,5550,5550,5550,4874,4874,4402,3840,3310,2797,2105,1540,0,0,0,0,0,0,0,0,0,0,0,0,0,0,0,0,0,0,0,0,0,0,0,0,0,0,0,0,0,0,0,0,0,0,0,0,0,0,0,0,0,0,0,0,0,0,0,0,0,0,0,0,0,0,0,0,0,0,0,0,0,0,0,0,0,0,0,0,0,0,0,0,0,0,0,0,0,0,0,0,0,0
Verðtryggð ríkisbréf / Inflation-linked Treasury bonds,231229,231194,228615,223325,225842,219895,217495,219212,222726,223167,220613,218807,219363,216807,213376,212084,206306,202501,202570,198168,189699,188362,187919,187397,186855,186570,187553,188258,187744,188606,189478,189419,187185,184618,186374,186107,184565,182198,180332,178660,177389,177023,177488,173797,173468,164528,161826,162755,163210,163581,163938,164039,164439,163698,164819,164110,169898,189429,190247,190555,189487,188818,188631,190056,188041,185291,187901,187736,187648,188271,188496,188270,188415,189029,188936,188022,189210,188392,190779,196270,197215,198049,197557,194765,192044,191563,190449,179558,179490,176017,173454,173360,172260,169491,169964,168181,168607,167908,165784,164486,164194,146200,143926,142562,108642,105818,105590,104046,90474,90913,86909,79900,79599,74753,73781,73564,66122,62236,56351,46544,38379,36615,32978,20310,20297,20370,20638,20950,20635,20402,20219,20112,19762,19465,20036,20079,19939,20877,20513,20085,19622,19802,19562,19321,19093,18778,18143,17827,17536,17558,17549,17373,17443,17319,17038,16986,18191,18458,17405,17360,17728,17851,17747,18191,18091,19225,23009,22824,24348,25166,27207,26799,26400,26341,27198,27009,26951,26743,26115,25994,26203,26245,26359,43745,42405,42238,45089,45046,46744,47799,49125,49414,49618,49071,49775,50650,49499,49378,53121,52427,52281,52033,52362,51813,51239,50899,49809,48726,48282,56290,55749,55558,55416,54344,54742,54925,54961,56523,60982,69147,68785,68752,68967,67757,67579,67449,66534,65202,64632,64104,63507,63924,65576,72948,72593,72164,72748,71681,73513,74467,75803,76563,75802,77918,82457,13371,81096,80957,81035,79944,79257,78541,77533,76951,76246,74461,74645,80361,80371,82185,83730,87353,88834,88073,87250,86256,86010,87047,85948,82970,82724,82338,81618,83799,83018,81698,82463,80694,77574,76695,74105,73305,73286,72633,71283,70729,70686,69430,80178,79185,78004,76842,75337,75166,74179,73951,72522,71192,70002,69013,68261,67545,66965,66073,65394,71783,71336,70765,70347,69810,69173,67817,66872,65530,64370,63281,62339,64519,64003,62829,63289,63124,60663,59774,58850,58263,57501,56487,55137,53997,53213,52184,51553,50954,50856,50451,49839,49250,48748,47817,46911,46298,46610,44918,44498,43331,42965,42002,41116,40352,39579,38958,38486,38883,38207,37457,36763,35030,34059,33220,30374,29932,29397,28048,27404,27097,26534,25593,24835,25284,24815,24302,23333,21102,20571,19736,19425,18946,19735,18799,18175,18039,17697,16567,15648,15207,14799,14468,14137,13442,14021,11601,11366,11221,11159,10940,10659,10459,10141,9996,9923,10063
Gengisbundin ríkisbréf/ Currency-linked Treasury bonds,0,0,0,0,0,0,0,0,0,0,0,0,0,0,0,0,0,0,0,0,0,0,0,0,0,0,0,0,0,0,0,0,0,0,0,0,0,0,0,0,0,0,0,0,0,0,0,0,0,0,0,0,0,0,0,0,0,0,0,0,0,0,0,0,0,0,0,0,0,0,0,0,0,0,0,0,0,0,0,0,0,0,0,0,0,0,0,0,0,0,0,0,0,0,0,0,0,0,0,0,0,0,0,0,0,0,0,0,0,0,0,0,0,0,0,0,0,0,0,0,0,0,0,0,0,0,0,0,0,0,0,0,0,0,5,5,5,5,5,5,5,5,5,5,5,5,5,5,5,5,5,5,5,5,5,5,5,5,5,5,5,5,5,5,5,5,5,5,5,5,5,5,5,5,5,5,5,5,5,5,5,6,6,7,7,7,7,7,7,7,7,7,7,7,7,7,7,7,9,20,20,20,20,20,20,20,21,21,21,21,21,21,21,21,21,21,21,21,24,24,24,24,24,24,24,24,24,24,24,24,24,24,25,26,27,28,28,28,29,30,33,34,79,104,347,2333,3190,2427,4490,4557,4561,4588,4501,4525,4498,4485,4522,4529,4589,4630,4639,4583,4447,4367,4287,4036,4281,4212,4202,4206,4201,4192,4225,4024,4024,3947,4035,4052,4047,4073,4036,4036,4074,4067,4054,4021,4013,3983,3925,3883,3831,3831,3809,3761,3780,3757,3754,3734,3711,3700,3649,3604,3598,3576,3406,1617,1138,850,548,2,2,2,2,2,2,2,2,8,8,8,8,8,8,8,8,8,8,8,8,8,8,0,0,0,0,0,0,0,0,0,0,0,0,0,0,0,0,0,0,0,0,0,0,0,0,0,0,0,0,0,0,0,0,0,0,0,0,0,0,0,0,0,0,0,0,0,0,0,0,0,0,0,0,0,0,0,0,0,0,0,0,0,0,0,0,0,0,0,0,0,0,0
Banka- og sparisjóðsbréf / Bonds of deposit money banks,478932,478317,474154,467540,458741,453944,444006,441627,438480,495721,503973,499153,506241,494196,475730,481887,481582,464784,449936,437028,422736,416614,413327,404252,397986,388562,382229,375129,364858,356898,349644,347375,337360,347173,337654,325015,322706,316229,294747,288265,276213,271332,266056,263414,255936,254164,250209,245602,244527,243804,236609,236877,225917,215167,210882,206239,200078,194570,187815,179652,180078,170562,182584,177357,173341,173793,174110,171132,179615,174024,171802,173032,183942,183909,183060,183236,177731,179876,179333,177509,175702,174936,169443,170354,165620,161992,158870,156867,153058,151600,150962,148753,146536,145513,145206,145374,147230,146685,142333,142320,137492,134836,134623,11153,7261,7230,7305,7318,7300,7397,7823,7746,7695,8107,7557,7914,7922,7890,8152,8158,8127,7385,7604,24841,24591,26722,19643,19367,19163,18953,21373,21411,21530,22234,22743,25806,81968,87650,87238,95852,129163,515960,527170,514783,532187,494449,460275,377361,378066,380173,409489,357768,334792,336780,240651,247900,275948,269469,260498,269166,247801,256559,259779,226560,225034,209377,217379,210873,205663,196539,179155,184212,137779,140526,150290,143970,135175,138048,126155,130551,130036,128457,124171,116145,100999,100954,99418,98170,89007,89474,90812,94109,91404,91888,89373,88030,79809,79501,85282,86469,87324,87908,86720,87731,82781,84312,86895,94306,86926,82968,77742,88235,87818,85335,85402,85804,89672,78069,70872,69449,71049,61759,51270,50847,52213,51469,51753,50796,51121,51523,51477,51699,52313,51308,73012,82824,80230,75860,70304,69265,71593,64089,65432,62221,61282,60625,63202,61610,62066,64313,63574,64443,63166,63050,65275,62214,54139,54265,53275,52428,52893,51304,50835,47207,47871,47962,51556,50470,48986,39206,40731,39577,37919,39173,40397,39497,37940,37896,36990,37896,36723,34667,31738,30778,31131,29911,29897,30380,30044,27990,28385,29002,28609,27099,23681,25900,25004,24698,24253,25084,25367,25371,24877,24261,22694,21211,21916,20949,21013,20692,20051,20344,20293,20336,23346,23346,23239,23457,23703,23703,23520,23707,22752,23984,24457,24658,24737,25119,24067,22303,20589,23564,24165,24773,24960,23600,23258,24036,24770,23749,23469,22005,19180,20758,20571,20755,20772,20308,20145,20334,19729,19487,19307,18827,17453,17516,17475,18229,18420,18585,16642,17334,16937,16548,15277,14769,13752,12953,12697,12448,12216,11673,11407,11317,11854,11424,10837,9288,8865,8851,8768,8652,8005,7427,6871,6097,5519,4817,4408,3757,3465,3300,3200,3100,2800,2800,2800,2400,2400,2400,1138,1138
Bréf ÍL- Sjóðs* / Housing financing fund bonds,688624,696218,690430,695763,687457,701301,701838,711102,706150,712002,708886,713886,713886,723133,720404,725152,728834,733224,721182,730381,723664,728281,724693,725440,724960,736544,733825,736501,733583,738134,735818,746800,742495,747046,747454,749716,749600,757573,751172,756890,748329,760795,759486,770064,767019,770285,765334,775458,771841,778284,774234,777272,768437,780945,778927,793528,791052,800474,793670,799977,795513,802592,799023,796412,787490,800484,798548,811593,808061,815049,816917,825577,820297,828582,823398,827302,824414,838164,834463,840868,841848,844825,845832,855456,848093,857131,853197,857170,845773,850462,849551,859804,855174,853713,858466,871956,864637,874085,864579,860471,855432,860296,848879,853883,848909,845129,843812,844685,837891,835170,826312,816497,809936,824006,820310,819211,806233,810423,811954,808724,808830,803142,796629,791591,778974,779853,775556,776921,766098,759503,757800,760409,745945,730685,728963,730676,724890,723317,709105,704281,667426,669447,643487,634391,632474,619815,596241,582125,576383,577443,579684,571928,564051,563695,548312,546870,546804,537781,525433,524838,517883,519327,515626,518621,512655,507153,504817,499675,493301,486073,478118,470498,465741,471170,471333,473369,468864,471327,469351,472945,458914,444366,449198,453967,447034,454702,463431,467639,455596,448558,440717,439861,442050,424826,420073,415519,411819,404734,403439,395196,390394,381379,373252,366816,362518,360072,358224,352573,345123,340009,335950,333512,327139,320850,317220,314253,310239,305496,303309,298592,294443,291525,292075,283907,278190,272293,266908,263362,256440,249681,243614,237103,234951,232478,235152,223185,219675,216061,215052,213503,211772,208493,206245,205506,204402,203405,180682,178440,176446,170394,168478,166324,160047,158293,155362,155483,153988,153474,151075,148959,146474,143406,140893,138993,138287,136154,134549,134437,132280,131353,125568,125258,123997,121139,119035,116924,114744,113104,112329,108985,108034,107405,105065,106043,103614,102433,100895,97802,96671,95429,93843,90862,89418,87821,85240,83792,83013,81934,80368,79157,77954,76506,75732,75219,74358,73300,72477,70499,68658,68207,66215,65223,64118,61664,59551,58825,56835,55537,54729,53519,52800,50816,49321,47234,44065,42483,41466,40149,38860,37997,37002,36204,34731,33196,31550,30075,28741,27533,26187,25349,24245,23590,22569,21484,19303,18283,17159,14852,13248,12492,11001,9564,8194,7163,5752,4438,3439,2445,1920,1366,773,566,374,276,170,93,12,0,0,0,0,0,0,0,0,0,0,0,0,0,0,0,0,0,0,0,0,0,0,0,0,0,0,0,0,0,0,0,0,0,0,0
þ.a. Íbúðabréf / o.wh. HFF bonds,664631,671961,666374,671522,663505,676867,677386,686326,681546,687195,684188,689013,689013,697938,695304,700053,703608,707846,689373,698167,691746,696159,692730,693443,692985,704058,701459,704016,701228,705578,703364,713862,709746,714097,714487,716649,716538,724159,718041,723506,715323,727240,725988,734398,731494,734609,729888,739542,736093,739559,735711,738598,730203,742088,740170,751182,748195,757010,750327,756642,752144,758913,755331,753154,744886,757931,753011,765249,761621,768376,769932,778650,773211,781065,775992,779724,777601,790756,783815,786562,786127,788882,789838,799146,792071,800477,796235,800037,790237,794797,791786,801408,796487,795419,799408,812308,805386,813921,804610,800910,796964,801506,788611,792734,787770,784184,782671,783692,776980,773823,766159,756849,750478,763769,758617,755849,740429,744407,745204,741807,741679,735536,728365,720855,708222,708675,703004,703962,695046,687203,686282,688876,675364,660274,657433,658356,653765,651262,637709,632788,596768,596732,572174,563603,561585,549177,529285,515418,509910,510793,511625,504182,496326,496015,481451,479862,479377,470380,458951,457951,451033,452574,447137,449753,443294,437332,434657,429262,422057,413950,406285,397815,392377,396068,393404,391097,385883,386277,381642,383981,367960,350062,351987,353072,339184,341761,340309,343354,331641,326677,0,0,0,0,0,0,0,0,0,0,0,0,0,0,0,0,0,0,0,0,0,0,0,0,0,0,0,0,0,0,0,0,0,0,0,0,0,0,0,0,0,0,0,0,0,0,0,0,0,0,0,0,0,0,0,0,0,0,0,0,0,0,0,0,0,0,0,0,0,0,0,0,0,0,0,0,0,0,0,0,0,0,0,0,0,0,0,0,0,0,0,0,0,0,0,0,0,0,0,0,0,0,0,0,0,0,0,0,0,0,0,0,0,0,0,0,0,0,0,0,0,0,0,0,0,0,0,0,0,0,0,0,0,0,0,0,0,0,0,0,0,0,0,0,0,0,0,0,0,0,0,0,0,0,0,0,0,0,0,0,0,0,0,0,0,0,0,0,0,0,0,0,0,0,0,0,0,0,0,0,0,0,0,0,0,0,0,0,0,0,0,0,0,0,0,0,0,0,0,0,0,0,0,0,0,0,0,0,0,0,0,0
Bréf annarra lánastofnana / Other credit institutions' bonds,144595,140116,139877,138816,135237,135529,132689,131494,129003,129617,127781,129313,128733,126213,124917,122216,118096,117619,113418,112201,107751,107171,103949,101952,101140,100547,99051,98067,93029,91844,85818,80254,78179,74408,74094,75984,74875,74732,70627,71140,70295,71536,70809,66668,66637,65042,63242,63980,63389,61973,60525,61080,59918,61293,60931,59721,57613,57925,57812,59404,58603,58162,57171,57094,57834,59421,58655,58679,58300,58263,58320,60057,59543,59306,57824,57364,57705,58839,57817,56549,55218,55393,54649,54193,53717,52631,49803,49653,48578,49091,48898,47747,47485,48055,48566,50288,49784,49087,48059,46825,47885,48899,48029,47500,46674,46107,46412,47194,46655,45210,43944,43395,43750,44467,44299,42548,41359,41866,39990,41248,41369,43701,44231,43280,47364,47834,47698,47433,46933,45817,44339,45067,44358,44852,44833,43243,45718,43324,43014,42048,39512,37368,37671,36716,35325,33426,33370,36263,34003,31947,33008,33299,31813,31783,86151,84275,82397,79082,75438,74926,81974,69551,81201,77762,77272,70516,75696,73431,73020,71554,71208,70013,69830,69899,69539,67241,82350,82294,62434,57173,55910,55709,54807,53816,46892,45624,45482,45331,40236,39948,37977,38248,38487,34661,33047,31273,31169,32175,34256,34287,34640,34408,33202,32938,32948,33952,25535,25346,23805,23758,23384,23308,23272,22617,22448,22119,22063,21492,21652,21195,20895,19842,20209,20012,19992,20118,19148,19133,19157,18548,16233,15934,15164,14962,14416,14539,14444,13933,13924,13877,13803,13879,13874,13861,13955,13828,36340,36277,36080,36341,35716,35538,35059,32993,32227,31620,31047,29131,28082,28816,28036,30209,30986,31124,29100,27550,26931,26851,25582,25486,25702,25101,25424,25596,24817,24982,25067,24932,24998,24304,24218,24499,24138,23902,23319,22954,22811,22647,22506,22709,21419,21939,21803,21428,21090,22107,21901,21778,21490,21052,20635,19843,19561,19458,19077,19008,16877,18271,18265,18236,17986,17315,16845,16375,15897,15482,15603,15191,14934,15093,15166,14726,14267,13897,13287,12947,12791,12629,12836,12691,12324,12067,11844,11911,12074,12948,12630,12473,12366,12378,12547,12593,12703,12060,13001,13017,12805,12579,12352,11079,11052,10801,10413,10357,10331,9874,9755,9797,9930,9785,9513,8716,8647,8595,8430,8371,8491,6555,6209,6109,5138,5069,4890,4286,4091,4045,3429,3430,3394,2824,2790,2869,2617,2594,2464,2243,2221,2138,2152,2150,2124,1649,1649,1649,1040,1040,1040,629,629,629,456,456
Skráð bréf atvinnufyrirtækja / Listed corporate bonds,424872,412540,409038,405086,423590,401340,397591,389908,388492,384913,380796,380670,371287,377384,378221,376815,370983,370264,365574,367451,360600,348472,344360,339982,339413,321790,317196,317139,314541,315264,304044,297417,289380,299016,302862,302076,308433,307417,298960,296929,299271,298330,292608,287791,277019,277444,275463,274678,272591,270509,261466,261496,261618,260169,258282,252386,246777,247088,249328,249825,248972,249007,249680,221015,220704,220248,219896,207108,205178,187532,188322,178737,156878,157143,156968,156900,159514,167228,165808,150013,148945,139385,139807,147223,167504,151932,145734,145832,147268,132784,132381,127469,126679,126316,130581,130739,129884,129555,137709,135510,133985,142199,142719,136690,139772,138972,148579,148965,149939,148424,154280,153231,144694,144819,143391,140325,139192,139340,144039,144708,139354,138644,138363,134312,160424,202717,204791,190874,216067,243584,250110,253306,283337,279057,349049,346703,336914,335568,333077,325668,320961,362518,361047,358479,344139,336689,343223,336430,373908,383357,388760,342841,351217,364735,341589,332863,327297,276288,268520,271802,296871,326655,297363,273058,251842,251338,256361,255282,255401,201008,200180,200584,138265,204647,197406,175719,163301,155478,150559,150436,150928,124941,119175,110281,111688,111900,109652,97587,82666,79738,82577,74828,69913,68682,66886,66117,67736,63113,68940,60608,50415,51016,50675,49337,47168,47196,43179,43729,43222,44238,43761,36162,36211,36681,33125,33214,32427,32470,32317,32609,30771,31265,31020,24818,24876,24371,24292,24202,24488,22903,22645,22489,22451,22382,22413,22509,23161,22951,23521,23609,23826,23777,24017,24130,24219,24657,25034,23401,23016,20930,19883,19910,19773,19745,18454,18053,17660,17643,17439,15838,15032,13592,10316,10131,10049,9120,9059,9026,8867,8364,8288,8285,8479,7031,6927,6984,6945,6636,6329,6022,5715,5408,5101,4794,4794,4787,4798,4837,4375,4375,4385,3220,3206,3220,3253,3253,2894,2847,2304,2341,2071,2077,2095,2117,2109,1895,1870,1873,1872,1510,951,871,650,0,0,0,0,0,0,0,0,0,0,0,0,0,0,0,0,0,0,0,0,0,0,0,0,0,0,0,0,0,0,0,0,0,0,0,0,0,0,0,0,0,0,0,0,0,0,0,0,0,0,0,0,0,0,0,0,0,0,0,0,0,0,0,0,0,0,0,0,0,0,0,0,0,0,0,0,0,0,0,0,0,0,0,0,0,0,0,0,0
Skráð bréf sveitarfélaga / Listed bonds of municipalities,104789,101830,100891,103066,102296,99222,94542,96597,95810,95715,95073,99312,92734,92636,95705,92261,87303,86784,91023,82563,82952,82276,82118,80083,80882,81010,81012,79249,79365,79832,80069,78320,80115,79649,80097,80318,80301,75724,75135,74337,74194,73725,73791,72764,73101,73172,72321,71464,72114,72091,70978,71645,71381,70618,71109,71057,71967,70837,70055,69753,69836,70052,67033,67263,64556,63343,63403,57741,56892,56073,56101,56052,56450,57719,57935,57807,60122,61761,62445,61943,62323,61097,59958,60601,60835,61126,60330,60670,60224,58009,57719,57416,57200,57288,57011,59470,56680,56490,53809,53194,53298,53127,52577,52358,50676,49841,49756,48445,48937,49022,48578,46496,45660,45739,49643,44666,45812,45850,45974,41329,41199,40763,40253,37705,37738,37888,38340,38343,34561,34112,34058,34217,34088,28395,28330,26134,26375,27205,26516,20300,20029,19827,19718,19568,19039,19115,18491,18235,18273,20909,20825,20828,20711,20598,20327,20621,20719,20896,20705,20715,21042,20870,21247,21266,21416,21071,20889,18384,18412,18316,18066,17889,17875,17468,28258,28266,27965,20069,20437,20791,20878,19295,19417,19386,19445,19119,19077,18978,16882,16895,16736,16271,14741,13022,12714,12659,12568,12620,12614,10909,9092,9197,9127,9197,8202,7257,7300,7280,7170,7180,6943,6649,6704,6804,6336,6443,6412,6505,6527,6504,6524,6603,6508,6029,6061,6146,6088,6166,6111,6118,6083,5987,5882,5920,5937,5990,6311,6177,6156,6406,6349,6434,6471,6407,6361,6296,6302,6138,5946,6055,5787,5487,5434,5459,4792,4762,4752,4736,4703,4695,4733,4866,4859,4912,4927,4776,4807,4542,4441,4434,4324,4321,4356,4507,4469,4539,4520,4268,4268,4315,4315,4219,2925,3020,3020,3015,3048,3034,2381,2378,2370,2363,2349,1634,1634,1634,1634,1765,1757,1748,1644,1637,1635,1636,1630,1622,1630,680,680,400,100,0,0,0,0,0,0,0,0,0,0,0,0,0,0,0,0,0,0,0,0,0,0,0,0,0,0,0,0,0,0,0,0,0,0,0,0,0,0,0,0,0,0,0,0,0,0,0,0,0,0,0,0,0,0,0,0,0,0,0,0,0,0,0,0,0,0,0,0,0,0,0,0,0,0,0,0,0,0,0,0,0,0,0,0,0,0,0,0,0,0,0
Skráð erlend skuldabréf / Listed foreign bonds,101028,59580,62899,61247,60497,53634,53552,57810,59990,48779,50073,58533,61610,74909,73801,74517,73778,74338,72161,77130,74647,69799,67883,66679,67415,66879,66670,66051,67186,68044,68029,66744,66446,67801,68454,68960,64157,68118,70693,73616,69478,75813,72769,72685,75533,77854,79512,80891,83933,85281,85716,85969,86558,86652,89424,88899,89502,90414,91791,93112,93485,90435,89987,90598,91515,92738,94970,94702,94200,93976,94384,94817,95119,94998,95817,104261,104178,105462,117300,123232,110748,120077,117207,116816,126893,103068,100966,104431,107515,112309,109631,106541,107472,105021,101424,98883,104615,109200,111396,112834,111530,112097,110383,113790,113889,113816,115501,115285,84934,90267,90184,88710,84561,83519,80737,80647,89745,89162,93681,94137,96202,105536,122760,83110,82713,32665,34665,32865,36108,35199,34711,34791,46072,44954,45402,44143,42081,39528,43077,44301,58847,56893,50040,50995,50760,48295,48025,49844,43266,42269,40517,40022,38849,39246,37782,36918,37326,37652,38799,38755,39075,38869,40969,39444,47772,49210,48543,50076,52193,50928,51268,47757,45621,44449,41307,38868,22645,23276,23401,23705,24173,19902,20290,19525,19787,19878,20291,20830,21203,20994,20977,20861,21220,20930,21105,21057,20559,20475,21032,20892,2976,2950,2920,2895,3232,3180,3142,3123,3067,3078,2996,2969,2947,2891,2848,0,0,0,0,0,0,0,0,0,0,0,0,0,0,0,0,0,0,0,0,0,0,0,0,63,63,62,62,61,60,60,298,296,295,291,288,349,346,342,339,336,333,332,341,340,338,335,333,399,398,395,392,390,384,394,391,390,389,385,450,445,442,440,436,431,428,439,439,437,435,0,0,0,0,0,0,0,0,0,0,0,0,0,0,0,0,0,0,0,0,0,0,0,0,0,0,0,0,0,0,0,0,0,0,0,0,0,0,0,0,0,0,0,0,0,0,0,0,0,0,0,0,0,0,0,0,0,0,0,0,0,0,0,0,0,0,0,0,0,0,0,0,0,0,0,0,0,0,0,0,0,0,0,0,0,0,0,0,0,0,0,0,0,0,0,0,0,0,0,0,0,0,0,0,0,0,0,0,0,0,0,0,0,0,0,0,0
Markaðsvíxlar / Marketable bills,157732,148594,102319,48890,49034,33280,35082,35209,47294,49730,47229,46011,42230,42595,38350,33124,41470,38043,40605,40795,46082,48657,47753,53244,53564,54931,53148,55728,54134,50914,47055,46707,51508,49205,45817,48200,50151,49943,51814,60620,57526,54747,54304,54100,46703,47829,56218,56504,56652,58090,56356,55228,56884,57159,52471,48862,52973,41349,32022,30432,30496,31196,31535,35205,30807,32638,32537,25808,25363,21543,25937,23801,24584,24412,17568,23653,18565,18898,22999,23578,28893,19305,28480,27295,25262,31721,29397,33391,24301,32200,38071,39361,46456,44641,46650,47425,44693,40564,38248,49953,49516,52756,58515,58126,57928,53474,57647,54657,52476,58713,54267,63295,65261,62101,71522,69855,73652,81508,73837,73696,71586,75854,75661,77096,76819,85717,81551,68315,88258,69812,81061,86584,33794,59926,49883,59734,76559,66176,72537,597,589,4599,4363,5439,5335,5181,6254,8125,15524,31238,38891,39835,39877,42718,43051,37109,33991,34663,34505,26663,22281,15018,12807,14799,15271,18183,17444,13547,7583,10005,12074,10951,11899,13963,17008,14987,17101,17750,19150,16549,15899,14599,14198,8197,8097,8596,14596,16295,18695,23699,23698,23797,19797,26297,20596,27496,20596,27595,20595,26594,20094,27093,20091,24091,17092,21091,15089,19091,12090,16090,12130,16498,12493,16490,12487,16483,12479,16122,20120,16120,12119,16119,12119,16116,12116,12115,12096,12095,12004,12003,12268,12754,9067,9814,6382,9121,10464,8733,9413,10298,10107,13388,14855,14502,11178,12957,10169,9782,9968,12172,13177,15473,13226,12475,15721,14641,12996,13693,16096,17529,18349,19657,17563,15160,14441,14437,12353,10759,11044,12801,20191,21426,22608,30846,25319,25405,24908,24561,19156,23085,21528,22882,26065,28588,26372,29983,24894,24062,22512,23369,24433,25493,27331,26396,20351,23921,22052,26157,25015,22800,18920,18477,17386,20112,19694,19974,16312,17693,20490,23674,22321,22191,21032,22860,23837,24179,23026,22809,20967,24974,23820,26929,24081,22727,22022,23118,20500,22842,20958,20269,18551,20951,18446,25579,26453,23534,19563,22928,20286,20652,15661,16290,11324,15608,11945,15638,15147,13068,10562,11556,8601,9404,10209,8021,9147,8848,10108,14300,14232,14297,13349,14830,11024,10692,9846,8057,6095,3419,3937,4805,5073,3264,2650,2715,1405,1251,305,409,713,799,1662,844,747,590,610,1377,891,920,904,1025,932,538,1482,1090,1081,1516,1786,1456,1456,1456,1434,1434
Ríkisvíxlar og ríkisbréf eldri / Treasury bills and older Treasury notes,151831,143185,96130,42722,39831,21648,21491,19466,27096,24152,19848,15276,10599,11316,9548,5789,14680,10879,10822,10776,15625,16367,13199,15584,15522,14188,13597,18215,18208,15404,15641,14737,15850,12013,9348,10099,8161,7178,11204,19196,19184,19085,19080,19068,13845,13952,20151,20161,20121,22159,22208,22143,22485,28601,28873,29720,32473,28777,26946,25652,25240,25434,24444,27186,21938,25016,24995,25808,25363,21543,25360,23227,23465,23300,15855,21950,16952,17293,21485,22072,27729,18199,27169,26034,24441,30904,28979,33391,24301,32200,38071,39361,46456,44641,46650,47425,44693,40564,38248,49953,49516,52756,58515,58126,57928,53474,57647,54657,52476,58713,54267,63295,65261,62101,71522,69855,73652,81508,73837,73696,71586,75854,75661,77096,76683,85583,81419,68185,88127,69683,80928,86453,33663,59282,49141,58992,75825,65349,71722,0,0,0,0,0,0,0,0,0,4988,9826,13367,13389,12863,12898,13474,13074,13454,11504,11104,10064,10664,6464,6254,7754,10254,12504,12504,10004,5004,4954,6804,5004,6004,10004,14000,11867,15000,17650,19050,16450,15800,14500,14100,8100,8000,8500,14500,16200,18600,23604,23604,23704,19704,26204,20504,27404,20504,27504,20504,26504,20004,27004,20002,24003,17004,21004,15002,19004,12004,16004,12004,16004,12003,16004,12004,16004,12004,16003,20002,16003,12003,16003,12006,16003,12004,12004,12004,12004,12004,12003,12003,12754,8754,9264,5970,9045,10389,8658,9339,10225,10034,13388,14855,14419,11123,12787,9899,8899,9178,11033,13177,14138,12085,11486,14529,13776,12022,12806,15207,16729,17254,18759,16958,14309,13554,13703,12353,10759,11044,12801,12294,15962,17137,25375,20079,20148,19624,19991,14566,18495,16908,18222,16803,19581,17201,22270,17136,15651,13722,15899,16294,16909,18594,18501,15459,16485,15574,19676,17986,14462,10621,10569,9839,12966,14102,15312,14630,15014,18117,21490,20271,19991,18779,20379,20453,19959,18345,17875,17540,19683,18586,21750,20000,17435,16026,17161,14759,16829,15983,15853,15466,15187,12222,19049,19737,17799,14235,17076,14104,14903,10478,11979,9605,11647,8938,11633,10753,9400,7178,7605,5338,6617,7469,6401,8125,7885,8867,12303,11991,11792,11534,13366,9704,9769,9078,7816,5884,3419,3937,4805,5073,3264,2650,2715,1405,1251,305,409,713,799,1662,844,747,590,610,1377,891,920,904,1025,932,538,1482,1090,1081,1516,1786,1456,1456,1456,1434,1434
Banka- og sparisjóðsvíxlar / Bank and savings bank bills,3392,3400,4187,4173,7214,9650,11934,14348,18808,24194,26003,29363,30433,30642,28168,26383,25843,26221,28517,28310,28755,30387,32659,35772,36227,38917,37732,35609,34029,33621,29440,30385,34081,35608,34892,36531,41011,41765,39610,41424,38342,35662,35224,35032,32858,33877,36067,36343,36531,35931,34148,33085,34399,28558,23598,19142,20500,12572,5076,4780,5256,5762,7091,8019,8869,7622,7542,0,0,0,0,0,0,0,0,0,0,0,0,0,0,0,0,0,0,0,0,0,0,0,0,0,0,0,0,0,0,0,0,0,0,0,0,0,0,0,0,0,0,0,0,0,0,0,0,0,0,0,0,0,0,0,0,0,0,0,0,0,0,0,0,0,0,0,0,0,0,0,0,0,0,0,0,0,0,0,0,0,0,0,0,0,0,0,0,0,0,0,0,0,0,0,0,0,0,0,0,0,0,0,0,0,0,0,0,0,0,0,0,0,0,0,0,0,0,0,0,0,0,0,0,0,0,0,0,0,0,0,0,0,0,0,0,0,0,0,0,0,0,0,0,0,0,0,0,0,0,0,0,0,0,0,0,0,0,0,0,0,0,0,0,0,0,0,0,0,0,0,0,0,0,0,0,0,0,0,0,0,0,0,0,0,0,0,0,0,0,0,0,0,0,0,0,0,0,0,0,0,0,0,0,0,0,0,0,0,0,0,0,0,0,0,8106,7876,8064,6630,6699,7377,7780,6484,7178,7647,7824,7007,4028,7436,6478,6481,7029,8338,8299,7908,7547,7146,5592,4662,1682,2679,2373,2184,2050,2200,2253,2481,3384,4220,4681,4934,3427,5291,5234,5179,4081,5292,5996,5957,5741,6013,4975,4416,3085,5764,6224,6530,6716,5735,5328,5852,6182,5749,5183,4311,1719,3961,3007,4005,4394,3668,3384,3951,3263,2787,2740,1620,1022,963,1241,1997,2241,2505,1815,1464,1320,923,768,241,211,0,0,0,0,0,0,0,0,0,0,0,0,0,0,0,0,0,0,0,0,0,0,0,0,0,0,0,0,0,0,0,0,0,0,0
Víxlar ýmissa lánafyrirtækja / Investment credit fund bills,2510,2009,2002,1995,1989,1982,1657,1395,1389,1384,1378,1372,1198,637,635,951,947,943,1266,1709,1702,1903,1895,1887,1814,1826,1819,1904,1896,1889,1973,1585,1577,1584,1577,1570,979,1000,1000,0,0,0,0,0,0,0,0,0,0,0,0,0,0,0,0,0,0,0,0,0,0,0,0,0,0,0,0,0,0,0,577,574,1119,1112,1713,1703,1613,1605,1514,1506,1164,1106,1311,1261,821,817,418,0,0,0,0,0,0,0,0,0,0,0,0,0,0,0,0,0,0,0,0,0,0,0,0,0,0,0,0,0,0,0,0,0,0,0,0,0,136,134,132,130,131,129,133,131,131,644,742,742,734,827,815,597,589,4599,4363,5439,5335,5181,6254,8125,10536,21412,25524,26446,27014,29820,29577,24035,20537,23159,23401,16599,11617,8554,6553,7045,5017,5679,4940,3543,2579,5051,5270,5947,5895,3959,3008,3120,2101,100,100,99,99,99,98,97,97,96,96,95,95,95,94,93,93,93,92,92,92,91,91,90,90,89,89,88,88,87,87,87,86,86,126,494,490,486,483,479,475,119,118,117,116,116,113,113,112,111,92,91,0,0,265,0,313,550,412,76,75,75,74,73,73,0,0,83,55,170,270,883,790,1139,0,1335,1141,989,1192,865,974,887,889,800,1095,898,605,851,887,734,0,0,0,0,7897,5464,5471,5471,5240,5257,5284,4570,4590,4590,4620,4660,1156,1131,1107,1083,1059,1034,1010,986,961,937,913,888,864,0,0,0,0,0,0,0,0,0,0,0,0,0,0,0,0,0,0,0,0,0,0,0,0,0,0,0,0,0,0,0,0,0,0,0,0,0,0,0,0,0,0,0,0,0,0,0,0,0,0,0,0,0,0,0,0,0,0,0,0,0,0,0,0,0,0,0,0,0,0,0,0,0,0,0,0,0,0,0,0,0,0,0,0,0,0,0,0,0,0,0,0,0,0,0,0,0,0,0,0,0,0,0,0,0,0,0
Hlutdeildarskírt. sjóða / Collective fund units,795864,785980,780967,777156,797258,788774,774347,766789,768331,745834,746519,768950,772704,756269,738350,713164,701826,695888,688785,678322,679931,673567,682115,675634,666988,663802,673144,688966,707890,707968,708109,708992,721314,697487,710257,724242,714585,725524,745228,730996,736253,732362,725369,582873,570257,541929,531189,524488,520088,520330,519409,522805,511640,519034,530398,521884,525897,498263,481957,470309,458940,452442,441623,449977,444698,435491,422661,413979,405553,403090,405657,401916,401134,404645,415903,414416,408372,418092,414466,412951,408475,407641,398654,396704,388789,392136,391483,390764,388877,387341,378034,373681,376604,372063,366166,355195,354978,358494,364048,358144,362044,356141,347714,348807,342862,333171,284524,286310,288786,286400,294234,290070,285342,284048,280414,277902,271651,273735,274433,263688,254413,239959,234498,226156,214711,207328,190788,188930,189726,185584,190250,188239,186014,191151,171353,171156,171928,194383,206548,219578,386853,634127,678355,702117,676531,683295,687288,667002,674630,679357,686771,736852,760072,738699,726020,713482,625921,621585,564951,522786,488329,501026,450152,447633,440341,451639,447608,441315,428294,434209,408889,408121,397300,375327,359556,355820,346064,339599,330635,326570,319593,309077,314461,305707,289309,288533,274231,284409,271062,259180,254793,251940,242601,236632,234044,223819,213174,204960,198117,194036,193144,193453,179592,173043,167084,159834,153959,152620,151334,146091,133072,137106,130025,125961,119861,119189,114951,109881,107444,100940,101977,102525,100081,97129,94838,95942,93496,93761,94156,92320,91347,87737,83839,80403,78808,82835,83608,84327,85675,85073,83774,83604,88286,89226,91674,89250,89486,88987,87249,87419,82970,82835,80920,79289,77928,74928,71893,69620,73514,61837,58492,52049,50307,50041,46582,45269,45199,41927,36537,36325,33565,31092,30478,29357,26856,26741,24565,24338,22389,21287,20771,20504,20533,20275,20705,21674,22529,21527,19454,19408,17381,16364,15876,14644,14517,14686,15251,13841,13344,13000,13122,13198,13568,13839,14448,14847,16289,17263,18957,19741,19487,18833,18489,18310,17375,16610,14717,13147,12161,11946,11035,10911,11008,10601,9673,9729,9732,9717,9768,9722,8958,8880,10053,10361,10633,10906,11060,10834,10039,10170,10557,10775,11070,11888,12397,12967,13745,14630,14568,14548,14575,14257,13897,13973,13156,13764,13621,13415,13226,12773,12157,11689,11160,11056,10594,9886,8810,9201,8978,8583,8452,8079,7967,7542,7345,6999,6525,6183,5720,6181,6082,6229,6210,5870,5439,4988,4713,4403,4140,3885,3695,2846,2846,2846,2005,2005,2005,2005,1582,1582,1274,1274
Hlutabréf skráð í Kauphöll Íslands / Listed equities,1221482,1196644,1122577,1067357,1149722,1233822,1242499,1233364,1159249,1126985,1153017,1186944,1162843,1130774,1087574,1044837,1027462,989496,951006,975655,969575,993051,997392,990625,1039985,870279,881492,881755,873169,870312,821879,1019704,1028929,1010388,1031967,1079612,1058104,1066702,1073191,1019164,1011232,1013585,992986,976956,979407,962482,1002299,966106,989608,1028747,1042812,1047621,1023664,1000008,1049209,1019801,1038244,935840,908982,899082,864033,846735,802694,724386,735821,733958,679554,672103,637261,617308,613515,608264,592384,594958,600783,564933,570066,595264,582848,546724,523430,493887,488719,487970,471323,473170,472003,456295,452310,436019,398427,368877,316336,324172,322178,321324,326081,329379,334985,320926,301212,293206,280309,256139,266736,257830,265211,277912,274243,272249,274061,273616,274033,270978,246679,250320,246005,234103,244374,242639,234448,231943,256314,243356,219688,199538,207979,187910,181224,203656,205503,192034,194752,197296,176288,174152,200843,217328,243030,238059,247703,1334980,1627172,1590402,1693437,1994545,2161627,2084020,2012922,2216184,2570207,2828462,3259971,3143473,3211367,3636353,3422615,3339969,3159655,3012552,2964218,2838842,2595858,2464584,2457946,2476243,2111925,1843287,1904938,1993955,1944159,2051353,2226721,2097613,1815896,1682953,1499120,1540597,1555719,1442104,1401344,1323850,1337155,1272890,1219884,1089060,1083736,1110107,1088911,1142254,1017402,896020,854727,791755,806432,781512,797458,737669,658844,629935,615687,595142,579906,523435,549875,548224,539754,542551,541061,530604,529292,529259,515787,515305,504937,492452,498319,499744,489052,480097,468807,455083,427995,407606,404380,343867,336575,330658,345215,343229,347783,360382,373051,373699,388663,382401,417013,418304,430910,428082,424745,396082,427850,439774,410827,390257,369835,334511,325167,315281,297649,287309,269733,266583,266633,261645,252373,249269,233200,209272,170444,175467,177999,175762,170494,193872,182546,186452,183695,180802,190355,186227,191595,184521,188752,201194,195317,200890,201367,153952,146454,135955,130055,122093,120313,113333,108722,103369,95953,89553,83713,78816,72900,69516,65347,61722,57415,55401,54353,50929,49681,48612,48577,48684,46539,45348,45364,41795,40606,39504,39673,36934,35853,36105,35387,33324,33333,33642,34695,35548,32723,32683,32148,31584,31095,30869,32880,32671,32515,36963,35958,34184,34562,35679,35764,34971,35813,37290,39150,39231,40572,40062,39840,39128,39850,40025,40089,39579,38942,37356,36360,34654,33744,33023,32622,32045,30176,26023,24250,22349,19222,16866,15320,14998,12618,11823,,,,,,,,,,,,,,,,,,,,,,,,,,,,,,,,,,,,
Aðallisti / ICEX Main list,1189069,1164060,1091243,1038103,1119092,1204625,1221607,1204216,1130565,1086311,1114400,1152629,1128411,1097349,1054295,1013278,980143,941574,903346,929048,925482,947643,951961,945575,994967,824607,837536,836510,843347,840249,792670,991435,1001052,983290,1003616,1050650,1030045,1040605,1047607,993645,986028,989748,969217,953117,955774,937784,977031,943523,965562,1004811,1023942,1031251,1008294,980376,1028827,999269,1017952,914949,888340,879040,844391,826603,783562,704754,716239,714576,661622,655121,622151,602299,600367,595815,579936,582510,587657,498233,519182,542695,536252,506829,486956,457864,453212,453007,436585,438432,437442,422477,419697,403144,365671,337260,284870,292706,290962,291614,295963,298408,302261,289962,272330,266132,254024,230494,238190,233901,242135,254456,250934,248773,250783,250672,250153,249163,223713,230270,226100,217755,222503,220704,215522,210059,236155,223908,206015,185786,193535,171375,168123,191159,192775,180209,182390,184987,159231,156553,181081,196693,221156,216030,225560,1318785,1599767,1561476,1663429,1964202,2131561,2054314,1985752,2189591,2543021,2799371,3230731,3143107,3211007,3635993,3422255,3339609,3159295,3012182,2963838,2838432,2595468,2464184,2457556,2475883,2111545,1842907,1903860,1992906,1943110,2050275,2225663,2096575,1814858,1681465,1497928,1471130,1477104,1370617,1330755,1253254,1268669,1200228,1151451,1029512,1018856,1024665,1002743,1051368,936173,817907,787008,723310,732566,709624,724699,662358,589315,559552,549630,529989,520480,465733,492078,490547,481526,483411,481068,472265,470294,472498,459294,456342,447561,436348,453135,455571,444385,437247,427734,411243,379985,358089,355689,336496,329585,323736,337190,334687,340669,345140,358461,359118,372415,366914,399782,399247,410699,405224,404187,378177,406493,416864,391261,373848,349465,315197,305840,296254,280508,271246,251301,249230,249218,244270,236385,233004,217345,203265,165830,173473,175929,173723,168668,164359,152223,154932,151717,144160,149907,148098,144156,146290,147848,157089,150225,139093,136672,111587,105369,99227,94802,92289,91041,88106,83856,80163,74295,69719,64742,62248,55800,53241,49695,47593,44371,42618,41853,39263,37917,37148,36297,36496,34716,33567,33335,31495,26287,25029,22680,20772,20126,20392,19760,18593,18907,18972,19225,20484,18672,18428,18607,18340,18608,17652,19232,19233,20061,14320,14473,10494,10806,11471,11741,10610,10144,2359,2601,1724,1724,1605,1598,1727,1727,1760,1793,1793,1793,1793,1807,1846,1812,1779,1658,1618,1330,1304,1264,1184,0,0,0,0,0,0,,,,,,,,,,,,,,,,,,,,,,,,,,,,,,,,,,,,
Annað / First North,32413,32585,31335,29255,30630,29198,20892,29148,28684,40674,38617,34315,34432,33425,33279,31559,47319,47922,47660,46607,44093,45407,45431,45050,45018,45672,43956,45245,29822,30063,29209,28269,27877,27098,28351,28962,28059,26097,25584,25519,25204,23837,23769,23839,23633,24698,25268,22583,24046,23936,18870,16370,15370,19632,20382,20532,20292,20892,20642,20042,19642,20132,19132,19632,19582,19382,17932,16982,15110,15010,13148,12448,12448,12448,13126,66700,50885,52570,46596,39895,36473,36023,35507,34963,34738,34738,34561,33818,32614,32874,32755,31616,31466,31466,31216,29710,30118,30971,32724,30964,28882,27073,26285,25645,28546,23929,23076,23456,23309,23476,23278,22944,23880,21815,22966,20050,19905,16348,21871,21935,18926,21884,20159,19448,13673,13752,14444,16535,13101,12497,12728,11825,12362,12309,17057,17599,19762,20635,21874,22029,22143,16195,27405,28926,30008,30343,30066,29706,27170,26593,27186,29091,29240,366,360,360,360,360,360,370,380,410,390,400,390,360,380,380,1078,1049,1049,1078,1058,1038,1038,1488,1192,69467,78615,71487,70589,70596,68486,72662,68433,59548,64880,85442,86168,90886,81229,78113,67719,68445,73866,71888,72759,75311,69529,70383,66057,65153,59426,57702,57797,57677,58228,59140,59993,58339,58998,56761,56493,58963,57376,56104,45184,44173,44667,42850,41073,43840,48010,49517,48691,7371,6990,6922,8025,8542,7114,15242,14590,14581,16248,15487,17231,19057,20211,22858,20558,17905,21357,22910,19566,16409,20370,19314,19327,19027,17141,16063,18432,17353,17415,17375,15988,16265,15855,6007,4614,1994,2070,2039,1826,29513,30323,31520,31978,36642,40448,38129,47439,38231,40904,44105,45092,61797,64695,42365,41085,36728,35254,29804,29272,25227,24866,23206,21658,19834,18970,16568,17100,16275,15651,14129,13044,12783,12500,11667,11764,11464,12280,12188,11822,11782,12028,10300,14319,14474,16993,16161,15727,15713,15627,14731,14426,14669,15471,15064,14051,14255,13542,13244,12487,13217,13648,13439,12454,22642,21485,23690,23757,24208,24023,24361,25669,34931,36548,37508,38848,38457,38241,37401,38123,38265,38296,37786,37149,35563,34553,32807,31932,31244,30965,30427,28846,24720,22986,21165,19222,16866,15320,14998,12618,11823,,,,,,,,,,,,,,,,,,,,,,,,,,,,,,,,,,,,
Hreyfingar í % / Changes in %,,,,,,,,,,,,,,,,,,,,,,,,,,,,,,,,,,,,,,,,,,,,,,,,,,,,,,,,,,,,,,,,,,,,,,,,,,,,,,,,,,,,,,,,,,,,,,,,,,,,,,,,,,,,,,,,,,,,,,,,,,,,,,,,,,,,,,,,,,,,,,,,,,,,,,,,,,,,,,,,,,,,,,,,,,,,,,,,,,,,,,,,,,,,,,,,,,,,,,,,,,,,,,,,,,,,,,,,,,,,,,,,,,,,,,,,,,,,,,,,,,,,,,,,,,,,,,,,,,,,,,,,,,,,,,,,,,,,,,,,,,,,,,,,,,,,,,,,,,,,,,,,,,,,,,,,,,,,,,,,,,,,,,,,,,,,,,,,,,,,,,,,,,,,,,,,,,,,,,,,,,,,,,,,,,,,,,,,,,,,,,,,,,,,,,,,,,,,,,,,,,
Markaðsskuldabréf / Marketable bonds,2.1,0.9,1.5,0.4,-0.6,1,0,0,-1.9,0.3,-0.3,0.3,-0.3,1.1,0.4,1.4,-1.3,1.6,0.7,1,0.2,0.7,0.4,0.2,0.4,0.4,-0.6,0.9,-0.4,0.2,-0.6,-0.3,-0.3,0.2,-0.5,0,-0.5,2.1,0.4,0.4,-1.7,0.9,0.8,0.4,-2.4,0.9,0.8,0.5,-1.7,1,0,1.1,0.3,0.3,0.2,-0.3,-0.3,0.9,0.7,0.9,0.7,-0.6,0.6,0,0.1,0.2,0.5,1,0.7,0.7,0.1,0.8,-0.9,0.1,-0.1,-0.5,-1.1,-0.2,-0.1,0.4,0.1,0.9,-0.7,-0.1,1.6,-1.8,0.7,0.6,1.1,1.2,0,0.6,0.7,0.1,-2.2,1.3,-0.3,0.7,0.5,0.7,0,0.9,6.1,1.4,1.6,0.2,0,0.5,0.2,0,1.3,3.2,-0.3,1,-1.9,2.3,0,-0.5,1.8,1.3,0.7,14,3.9,-4,1.8,1.2,2.7,0,-1.1,-0.3,0.9,-1.9,-0.5,-2.3,1.6,-1,0,2.8,3.6,-1.2,-22.9,2.1,1.8,0.6,4.4,4.8,6.8,-1.2,0,-2.3,7.2,1.7,-1.1,5.7,0.7,-1.3,5.4,2.5,-0.7,-0.3,-3.3,1.6,5.1,1.7,2.2,-1.3,1.8,1,7,2,0.6,11.9,-7,-0.9,3.2,2.7,1,4.3,-0.3,1.9,5.5,0.8,-0.4,3.4,-0.7,-0.6,1,5.2,1.2,0.6,0.8,0.9,3.3,1.4,1.2,2.2,1.9,-2.2,2.7,5.3,-0.1,2,1.3,2.5,0.4,2.2,-0.2,3.1,0.3,2.2,0.1,1.1,1.9,1.6,1.1,0.5,3.2,1.5,-0.2,1.1,2.7,2.1,3.6,1,1.7,1.7,1.4,1.7,2.5,2.6,1.5,0.6,-0.2,-5.4,0.7,1.2,1.7,1.3,0.6,-0.5,2.4,0.3,0.4,-0.7,-0.5,-0.3,1.5,-0.1,0.7,1.2,0.6,2.4,0.9,1.1,1.5,2.9,-0.9,1.4,0.3,0.8,0.2,1.3,1.9,1,1.8,-0.3,0.3,2,5.5,1.8,0.8,1,0.4,1,1.4,1,1.6,2.1,1.5,2.3,1.4,2.9,0.5,1.7,1.6,0.8,1.7,-1.9,1.7,1.7,1.5,1.8,2.4,2.7,-0.6,1,1.5,2.1,1,1.5,1.6,1.1,1.1,1.9,-0.9,1.7,1.8,1.3,1.4,2.4,1.6,2,2.9,0.7,1.7,2.1,-0.1,1.3,1.8,1.2,1.6,3.7,1.5,3,1.7,1.4,1.6,2.7,3.1,3.1,-0.7,1.4,1.2,1.2,2,2.3,1,1.1,2.5,2,2.6,3.4,1.9,1.9,2.1,1.8,4.4,3.3,3.1,3.6,3.2,3.2,1.6,4.9,3.5,2.7,2.9,1.8,2.2,9.9,1.3,2.2,3.5,4.3,1.9,3.2,8.2,3.1,-0.2,4,2.7,3.6,8,0.5,3.7,4.5,6.4,-1,5,2.5,0.6,4.4,6.5,6.4,6.1,4.5,5.2,3.5,7,-1.3,18.5,2.1,1.5,6.5,1.5,1.9,7.5,2.4,1.1,13.1,-1.2,1.2
Markaðsvíxlar / Marketable bills,6.1,45.2,109.3,-0.3,47.3,-5.1,-0.4,-25.6,-4.9,5.3,2.6,9,-0.9,11.1,15.8,-20.1,9,-6.3,-0.5,-11.5,-5.3,1.9,-10.3,-0.6,-2.5,3.4,-4.6,2.9,6.3,8.2,0.7,-9.3,4.7,7.4,-4.9,-3.9,0.4,-3.6,-14.5,5.4,5.1,0.8,0.4,15.8,-2.4,-14.9,-0.5,-0.3,-2.5,3.1,2,-2.9,-0.5,8.9,7.4,-7.8,28.1,29.1,5.2,-0.2,-2.2,-1.1,-10.4,14.3,-5.6,0.3,26.1,1.8,17.7,-16.9,9,-3.2,0.7,39,-25.7,27.4,-1.8,-17.8,-2.5,-18.4,49.7,-32.2,4.3,8,-20.4,7.9,-12,37.4,-24.5,-15.4,-3.3,-15.3,4.1,-4.3,-1.6,6.1,10.2,6.1,-23.4,0.9,-6.1,-9.8,0.7,0.3,8.3,-7.2,5.5,4.2,-10.6,8.2,-14.3,-3,5.1,-13.2,2.4,-5.2,-9.6,10.4,0.2,2.9,-5.6,0.3,-1.9,0.4,-10.4,5.1,19.4,-22.6,26.4,-13.9,-6.4,156.2,-43.6,20.1,-16.5,-22,15.7,-8.8,12050.3,1.4,-87.2,5.4,-19.8,1.9,3,-17.2,-23,-47.7,-50.3,-19.7,-2.4,-0.1,-6.7,-0.8,16,9.2,-1.9,0.5,29.4,19.7,48.4,17.3,-13.5,-3.1,-16,4.2,28.8,78.6,-24.2,-17.1,10.3,-8,-14.8,-17.9,13.5,-12.4,-3.7,-7.3,15.7,4.1,8.9,2.8,73.2,1.2,-5.8,-41.1,-10.4,-12.8,-21.1,0,-0.4,20.2,-24.7,27.7,-25.1,33.5,-25.4,34,-22.6,32.3,-25.8,34.9,-16.6,40.9,-19,39.8,-21,57.9,-24.9,32.6,-26.5,32.1,-24.2,32.1,-24.2,32.1,-22.6,-19.9,24.8,33,-24.8,33,-24.8,33,0,0.2,0,0.8,0,-2.2,-3.8,40.7,-7.6,53.8,-30,-12.8,19.8,-7.2,-8.6,1.9,-24.5,-9.9,2.4,29.7,-13.7,27.4,4,-1.9,-18.1,-7.6,-14.8,17,6,-20.6,7.4,12.7,-5.1,-14.9,-8.2,-4.5,-6.7,11.9,15.9,5,0,16.9,14.8,-2.6,-13.7,-36.6,-5.8,-5.2,-26.7,21.8,-0.3,2,1.4,28.2,-17,7.2,-5.9,-12.2,-8.8,8.4,-12,20.4,3.5,6.9,-3.7,-4.4,-4.2,-6.7,3.5,29.7,-14.9,8.5,-15.7,4.6,9.7,20.5,2.4,6.3,-13.6,2.1,-1.4,22.4,-7.8,-13.7,-13.4,6.1,0.6,5.5,-8,-4.1,-1.4,5,1,8.8,-16,4.8,-11.5,11.8,6,3.2,-4.7,12.8,-10.3,9,3.4,9.3,-11.5,13.6,-27.9,-3.3,12.4,20.3,-14.7,13,-1.8,31.9,-3.9,43.9,-27.4,30.7,-23.6,3.2,15.9,23.7,-8.6,34.4,-8.5,-7.9,27.3,-12.3,3.4,-12.5,-29.3,0.5,-0.5,7.1,-10,34.5,3.1,8.6,22.2,32.2,78.3,-13.2,-18.1,-5.3,55.4,23.2,-2.4,93.2,12.3,310.2,-25.4,-42.6,-10.8,-51.9,96.9,13,26.6,-3.3,-55.7,54.5,-3.2,1.8,-11.8,10,73.2,-63.7,36,0.8,-28.7,-15.1,22.7,0,0,1.5,0,0
Hlutdeildarskírteini verðbréfasjóða / Mutual funds,1.3,0.6,0.5,-2.5,1.1,1.9,1,-0.2,3,-0.1,-2.9,-0.5,2.2,2.4,3.5,1.6,0.9,1,1.5,-0.2,0.9,-1.3,1,1.3,0.5,-1.4,-2.3,-2.7,0,0,-0.1,-1.7,3.4,-1.8,-1.9,1.4,-1.5,-2.6,1.9,-0.7,0.5,1,24.4,2.2,5.2,2,1.3,0.8,0,0.2,-0.6,2.2,-1.4,-2.1,1.6,-0.8,5.5,3.4,2.5,2.5,1.4,2.4,-1.9,1.2,2.1,3,2.1,2.1,0.6,-0.6,0.9,0.2,-0.9,-2.7,0.4,1.5,-2.3,0.9,0.4,1.1,0.2,2.3,0.5,2,-0.9,0.2,0.2,0.5,0.4,2.5,1.2,-0.8,1.2,1.6,3.1,0.1,-1,-1.5,1.6,-1.1,1.7,2.4,-0.3,1.7,2.9,17.1,-0.6,-0.9,0.8,-2.7,1.4,1.7,0.5,1.3,0.9,2.3,-0.8,-0.3,4.1,3.6,6,2.3,3.7,5.3,3.6,8.7,1,-0.4,2.2,-2.5,1.1,1.2,-2.7,11.6,0.1,-0.4,-11.6,-5.9,-5.9,-43.2,-39,-6.5,-3.4,3.8,-1,-0.6,3,-1.1,-0.7,-1.1,-6.8,-3.1,2.9,1.7,1.8,14,0.7,10,8.1,7.1,-2.5,11.3,0.6,1.7,-2.5,0.9,1.4,3,-1.4,6.2,0.2,2.7,5.9,4.4,1,2.8,1.9,2.7,1.2,2.2,3.4,-1.7,2.9,5.7,0.3,5.2,-3.6,4.9,4.6,1.7,1.1,3.8,2.5,1.1,4.6,5,4,3.5,2.1,0.5,-0.2,7.7,3.8,3.6,4.5,3.8,0.9,0.8,3.6,9.8,-2.9,5.4,3.2,5.1,0.6,3.7,4.6,2.3,6.4,-1,-0.5,2.4,3,2.4,-1.2,2.6,-0.3,-0.4,2,1.1,4.1,4.6,4.3,2,-4.9,-0.9,-0.9,-1.6,0.7,1.6,0.2,-5.3,-1.1,-2.7,2.7,-0.3,0.6,2,-0.2,5.4,0.2,2.4,2.1,1.7,4,4.2,3.3,-5.3,18.9,5.7,12.4,3.5,0.5,7.4,2.9,0.2,7.8,14.8,0.6,8.2,8,2,3.8,9.3,0.4,8.9,0.9,8.7,5.2,2.5,1.3,-0.1,1.3,-2.1,-4.5,-3.8,4.7,10.7,0.2,11.7,6.2,3.1,8.4,0.9,-1.2,-3.7,10.2,3.7,2.6,-0.9,-0.6,-2.7,-2,-4.2,-2.7,-8.9,-5.6,-8.9,-4,1.3,3.5,1.9,1,5.4,4.6,12.9,11.9,8.1,1.8,8.3,1.1,-0.9,3.8,9.6,-0.6,0,0.2,-0.5,0.5,8.5,0.9,-11.7,-3,-2.6,-2.5,-1.4,2.1,7.9,-1.3,-3.7,-2,-2.7,-6.9,-4.1,-4.4,-5.7,-6,0.4,0.1,-0.2,2.2,2.6,-0.5,6.2,-4.4,1,1.5,1.4,3.5,5.1,4,4.7,0.9,4.4,7.2,12.2,-4.2,2.5,4.6,1.5,4.6,1.4,5.6,2.7,4.9,7.3,5.5,8.1,-7.5,1.6,-2.4,0.3,5.8,7.9,9,5.8,7,6.4,6.6,5.1,29.8,0,0,41.9,0,0,0,26.7,0,24.2,0,0
Hlutabréf á markaði / Listed equities,2.1,6.6,5.2,-7.2,-6.8,-0.7,0.7,6.4,2.9,-2.3,-2.9,2.1,2.8,4,4.1,1.7,3.8,4,-2.5,0.6,-2.4,-0.4,0.7,-4.7,19.5,-1.3,0,1,0.3,5.9,-19.4,-0.9,1.8,-2.1,-4.4,2,-0.8,-0.6,5.3,0.8,-0.2,2.1,1.6,-0.3,1.8,-4,3.7,-2.4,-3.8,-1.3,-0.5,2.3,2.4,-4.7,2.9,-1.8,10.9,3,1.1,4.1,2,5.5,10.8,-1.6,0.3,8,1.1,5.5,3.2,0.6,0.9,2.7,-0.4,-1,6.3,-0.9,-4.2,2.1,6.6,4.5,6,1.1,0.2,3.5,-0.4,0.2,3.4,0.9,3.7,9.4,8,16.6,-2.4,0.6,0.3,-1.5,-1,-1.7,4.4,6.5,2.7,4.6,9.4,-4,3.5,-2.8,-4.6,1.3,0.7,-0.7,0.2,-0.2,1.1,9.9,-1.5,1.8,5.1,-4.2,0.7,3.5,1.1,-9.5,5.3,10.8,10.1,-4.1,10.7,3.7,-11,-0.9,7,-1.4,-1.3,11.9,1.2,-13.3,-7.6,-10.6,2.1,-3.9,-81.4,-18,2.3,-6.1,-15.1,-7.7,3.7,3.5,-9.2,-13.8,-9.1,-13.2,3.7,-2.1,-11.7,6.2,2.5,5.7,4.9,1.6,4.4,9.4,5.3,0.3,-0.7,17.3,14.6,-3.2,-4.5,2.6,-5.2,-7.9,6.2,15.5,7.9,12.3,-2.7,-1,7.9,2.9,5.9,-1,5,4.3,12,0.5,-2.4,1.9,-4.7,12.3,13.5,4.8,8,-1.8,3.2,-2,8.1,12,4.6,2.3,3.5,2.6,10.8,-4.8,0.3,1.6,-0.5,0.3,2,0.2,0,2.6,0.1,2.1,2.5,-1.2,-0.3,2.2,1.9,2.4,3,6.3,5,0.8,17.6,2.2,1.8,-4.2,0.6,-1.3,-3.5,-3.4,-0.2,-3.9,1.6,-8.3,-0.3,-2.9,0.7,0.8,7.2,-7.4,-2.7,7,5.3,5.5,10.6,2.9,3.1,5.9,3.6,6.5,1.2,0,1.9,3.7,1.2,6.9,11.4,22.8,-2.9,-1.4,1.3,3.1,-12.1,6.2,-2.1,1.5,1.6,-5,2.2,-2.8,3.8,-2.2,-6.2,3,-2.8,-0.2,30.8,5.1,7.7,4.5,6.5,1.5,6.2,4.2,5.2,7.7,7.1,7,6.2,8.1,4.9,6.4,5.9,7.5,3.6,1.9,6.7,2.5,2.2,0.1,-0.2,4.6,2.6,0,8.5,2.9,2.8,-0.4,7.4,3,-0.7,2,6.2,0,-0.9,-3,-2.4,8.6,0.1,1.7,1.8,1.6,0.7,-6.1,0.6,0.5,-12,2.8,5.2,-1.1,-3.1,-0.2,2.3,-2.4,-4,-4.8,-0.2,-3.3,1.3,0.6,1.8,-1.8,-0.4,-0.2,1.3,1.6,4.2,2.7,4.9,2.7,2.2,1.2,1.8,6.2,16,7.3,8.5,16.3,14,10.1,2.1,18.9,6.7,,,,,,,,,,,,,,,,,,,,,,,,,,,,,,,,,,,,,
